district_id,upozila_id,ইউনিয়ন
1,1,কয়া
1,1,চরসাদীপুর
1,1,চাপড়া
1,1,চাঁদপুর
1,1,জগন্নাথপুর
1,1,নন্দলালপুর
1,1,পান্টি
1,1,বাগুলাট
1,1,যদুবয়রা
1,1,শিলাইদহ
1,1,সদকী
1,2,হাটশ হরিপুর
1,2,বারখাদা
1,2,মজমপুর
1,2,বটতৈল
1,2,আলামপুর
1,2,জিয়ারখি
1,2,আইলচারা
1,2,পাটিকাবাড়ী
1,2,ঝাউদিয়া
1,2,উজানগ্রাম
1,2,আব্দালপুর
1,2,হরিনারায়ণপুর
1,2,মনোহরদিয়া
1,2,গোস্বামীদূর্গাপুর
1,3,খোকসা
1,3,ওসমানপুর
1,3,বেতবাড়ীয়া
1,3,জানিপুর
1,3,শিমুলিয়া
1,3,শোমসপুর
1,3,গোপগ্রাম
1,3,জয়ন্তীহাজরা
1,3,আমবাড়ীয়া
1,4,দৌলতপুর
1,4,রেফাইতপুর
1,4,আদাবাড়ীয়া
1,4,হোগলবাড়ীয়া
1,4,বোয়ালিয়া
1,4,ফিলিপনগর
1,4,মথুরাপুর
1,4,প্রাগপুর
1,4,মরিচা
1,4,চিলমারী
1,4,রামকৃষ্ণপুর
1,4,আড়িয়া
1,4,খলিষাকুন্ডি
1,4,পিয়ারপুর
1,5,জুনিয়াদহ
1,5,বাহিরচর
1,5,ধরমপুর
1,5,চাঁদগ্রাম
1,5,মোকারিমপুর
1,5,বাহাদুরপুর
1,6,বহলবাড়ীয়া
1,6,চিথলিয়া
1,6,তালবাড়ীয়া
1,6,বারুইপাড়া
1,6,ফুলবাড়ীয়া
1,6,আমলা
1,6,সদরপুর
1,6,ছাতিয়ান
1,6,পোড়াদহ
1,6,কুর্শা
1,6,মালিহাদ
1,6,আমবাড়ীয়া
1,6,ধুবইল
2,7,কয়রা
2,7,মহারাজপুর
2,7,মহেশ্বরীপুর
2,7,উত্তর বেদকাশী
2,7,দক্ষিণ বেদকাশী
2,7,আমাদি
2,7,বাগালী
2,8,ডুমুরিয়া
2,8,মাগুরাঘোনা
2,8,ভান্ডারপাড়া
2,8,সাহস
2,8,রুদাঘরা
2,8,গুটুদিয়া
2,8,শোভনা
2,8,খর্ণিয়া
2,8,আটলিয়া
2,8,ধামালিয়া
2,8,মাগুরখালী
2,8,রঘুনাথপুর
2,8,রংপুর
2,8,শরাফপুর
2,9,তেরখাদা
2,9,ছাগলাদহ
2,9,বারাসাত
2,9,সাচিয়াদাহ
2,9,মধুপুর
2,9,আজগড়া
2,10,বাজুয়া
2,10,কামারখোলা
2,10,তিলডাঙ্গা
2,10,সুতারখালী
2,10,লাউডোব
2,10,পানখালী
2,10,বানিশান্তা
2,10,কৈলাশগঞ্জ
2,11,গাজীরহাট
2,11,বারাকপুর
2,11,দিঘলিয়া
2,11,সেনহাটি
2,11,আড়ংঘাটা
2,11,যোগীপোল
2,12,হরিঢালী
2,12,গড়ইখালী
2,12,কপিলমুনি
2,12,লতা
2,12,দেলুটি
2,12,লস্কর
2,12,গদাইপুর
2,12,রাড়ুলী
2,12,চাঁদখালী
2,12,সোলাদানা
2,13,দামোদর
2,13,ফুলতলা
2,13,জামিরা
2,13,আটরা গিলাতলা
2,14,জলমা
2,14,বটিয়াঘাটা
2,14,গঙ্গারামপুর
2,14,সুরখালী
2,14,ভান্ডারকোট
2,14,বালিয়াডাঙ্গা
2,14,আমিরপুর
2,15,আইচগাতী
2,15,শ্রীফলতলা
2,15,নৈহাটি
2,15,টিএসবি
2,15,ঘাটভোগ
3,16,আইলহাঁস
3,16,ভাংবাড়িয়া
3,16,হারদী
3,16,কুমারী
3,16,বাড়াদী
3,16,গাংনী
3,16,খাদিমপুর
3,16,জেহালা
3,16,বেলগাছি
3,16,ডাউকী
3,16,জামজামী
3,16,নাগদাহ
3,16,খাসকররা
3,16,কালিদাসপুর
3,16,চিৎলা
3,17,আলুকদিয়া
3,17,মোমিনপুর
3,17,তিতুদহ
3,17,শংকরচন্দ্র
3,17,বেগমপুর
3,17,কুতুবপুর
3,17,পদ্মবিলা
3,17,মাখালডাঙ্গা‌
3,17,গড়াইটুপি
3,17,নেহালপুর
3,18,উথলী
3,18,আন্দুলবাড়িয়া
3,18,বাঁকা
3,18,রায়পুর
3,18,সীমান্ত
3,18,হাসাদাহ
3,18,মনোহরপুর
3,18,কেডিকে
3,19,দামুড়হুদা
3,19,কার্পাসডাঙ্গা
3,19,নতিপোতা
3,19,হাউলী
3,19,কুড়ুলগাছী
3,19,পারকৃষ্ণপুর মদনা
3,19,জুড়ানপুর এবং নাটুদহ
4,20,সুন্দরপুর-দুর্গাপুর
4,20,জামাল
4,20,কোলা
4,20,নিয়ামতপুর
4,20,শিমলা-রোকনপুর
4,20,ত্রিলোচনপুর
4,20,রায়গ্রাম
4,20,মালিয়াট
4,20,বারবাজার
4,20,কাষ্টভাঙ্গা
4,20,রাখালগাছি
4,21,সাফদারপুর
4,21,দোড়া
4,21,কুশনা
4,21,বলুহর
4,21,এলাঙ্গী
4,22,সাধুহাটী
4,22,মধুহাটী
4,22,সাগান্না
4,22,হলিধানী
4,22,কুমড়াবাড়ীয়া
4,22,গান্না
4,22,মহারাজপুর
4,22,পাগলাকানাই
4,22,পোড়াহাটী
4,22,হরিশংকরপুর
4,22,পদ্মাকর
4,22,দোগাছি
4,22,ফুরসন্দি
4,22,ঘোড়শাল
4,22,কালীচরণপুর
4,22,সুরাট
4,22,নলডাঙ্গা
4,23,এসবিকে
4,23,ফতেপুর
4,23,পান্তাপাড়া
4,23,স্বরুপপুর
4,23,শ্যামকুড়
4,23,নেপা
4,23,কাজীরবেড়
4,23,বাঁশবাড়ীয়া
4,23,যাদবপুর
4,23,নাটিমা
4,23,মান্দারবাড়িয়া
4,23,আজমপুর
4,24,ত্রিবেনী
4,24,মির্জাপুর
4,24,দিগনগর
4,24,কাঁচেরকোল
4,24,সারুটিয়া
4,24,হাকিমপুর
4,24,ধলহরাচন্দ্র
4,24,মনোহরপুর
4,24,বগুড়া
4,24,আবাইপুর
4,24,নিত্যানন্দপুর
4,24,উমেদপুর
4,24,দুধসর
4,24,ফুলহরি
4,25,ভায়না
4,25,জোড়াদহ
4,25,তাহেরহুদা
4,25,দৌলতপুর
4,25,কাপাশহাটিয়া
4,25,ফলসী
4,25,রঘুনাথপুর
4,25,চাঁদপুর
5,26,বাবরা হাচলা
5,26,পুরুলিয়া
5,26,হামিদপুর
5,26,মাউলী
5,26,সালামাবাদ
5,26,খাশিয়াল
5,26,জয়নগর
5,26,কলাবাড়ীয়া
5,26,বাঐসোনা
5,26,পহরডাঙ্গা
5,26,পেড়লী
5,26,চাঁচুড়ী
5,26,বড়নাল ইলিয়াছাবাদ
5,26,পাঁচগ্রাম
5,27,মাইজপাড়া
5,27,হবখালি
5,27,চন্ডিবরপুর
5,27,আউড়িয়া
5,27,শাহাবাদ
5,27,তুলারামপুর
5,27,শেখহাটী
5,27,কলোড়া
5,27,সিঙ্গাশোলপুর
5,27,ভদ্রবিলা
5,27,বাঁশগ্রাম
5,27,বিছালী
5,27,মুলিয়া
5,28,নলদী
5,28,লাহুড়িয়া
5,28,শালনগর
5,28,নোয়াগ্রাম
5,28,লক্ষীপাশা
5,28,জয়পুর
5,28,লোহাগড়া
5,28,দিঘলিয়া
5,28,মল্লিকপুর
5,28,কোটাকোল
5,28,ইতনা
5,28,কাশিপুর
6,29,বাধাল
6,29,গজালিয়া
6,29,ধোপাখালী
6,29,মঘিয়া
6,29,কচুয়া
6,29,গোপালপুর
6,29,রাড়ীপাড়া
6,30,বড়বাড়িয়া
6,30,কলাতলা
6,30,হিজলা
6,30,শিবপুর
6,30,চিতলমারী
6,30,চরবানিয়ারী
6,30,সন্তোষপুর
6,31,বেতাগা
6,31,লখপুর
6,31,পিলজংগ
6,31,ফকিরহাট
6,31,বাহিরদিয়া মানসা
6,31,নলধা মৌভোগ
6,31,মূলঘর
6,31,শুভদিয়া
6,32,কাড়াপাড়া
6,32,বেমরতা
6,32,গোটাপাড়া
6,32,বিষ্ণুপুর
6,32,বারুইপাড়া
6,32,যাত্রাপুর
6,32,ষাটগুম্বজ
6,32,খানপুর
6,32,রাখালগাছি
6,32,ডেমা
6,33,চাঁদপাই
6,33,বুড়িরডাঙ্গা
6,33,মিঠাখালী
6,33,সোনাইলতলা
6,33,সুন্দরবন
6,33,চিলা
6,34,তেলিগাতী
6,34,পঞ্চকরণ
6,34,পুটিখালী
6,34,দৈবজ্ঞহাটি
6,34,রামচন্দ্রপুর
6,34,চিংড়াখালী
6,34,হোগলাপাশা
6,34,বনগ্রাম
6,34,বলইবুনিয়া
6,34,হোগলাবুনিয়া
6,34,বহরবুনিয়া
6,34,জিউধরা
6,34,নিশানবাড়িয়া
6,34,বারইখালী
6,34,মোড়েলগঞ্জ
6,34,খাউলিয়া
6,35,উদয়পুর
6,35,চুনখোলা
6,35,গাংনী
6,35,কুলিয়া
6,35,গাওলা
6,35,কোদালিয়া
6,35,আটজুড়ী
6,36,গৌরম্ভা
6,36,উজলকুড়
6,36,বাইনতলা
6,36,রামপাল
6,36,হুড়কা
6,36,রাজনগর
6,36,পেড়িখালী
6,36,ভোজপাতিয়া
6,36,মল্লিকেরবেড়
6,36,বাঁশতলী
6,37,ধানসাগর
6,37,খোন্তাকাটা
6,37,রায়েন্দা
6,37,সাউথখালী
7,38,আঠারখাদা
7,38,কুচিয়ামোড়া
7,38,কছুন্দী
7,38,গোপালগ্রাম
7,38,চাউলিয়া
7,38,জগদল
7,38,বগিয়া
7,38,বেরইল পলিতা
7,38,মঘী
7,38,রাঘবদাইড়
7,38,শত্রুজিৎপুর
7,38,হাজীপুর
7,38,হাজরাপুর
7,39,বাবুখালী
7,39,বিনোদপুর
7,39,দীঘা
7,39,রাজাপুর
7,39,বালিদিয়া
7,39,মহম্মদপুর
7,39,পলাশবাড়িয়া
7,39,নহাটা
7,40,শতখালী
7,40,শালিখা
7,40,আড়পাড়া
7,40,ধনেশ্বরগাতী
7,40,বুনাগাতী
7,40,গঙ্গারামপুর
7,40,তালখড়ি
7,41,গয়েশপুর
7,41,আমলসার
7,41,শ্রীকোল
7,41,শ্রীপুর
7,41,দ্বারিয়াপুর
7,41,কাদিরপাড়া
7,41,সব্দালপুর
7,41,নাকোল
8,42,কাথুলী
8,42,তেতুঁলবাড়ীয়া
8,42,কাজিপুর
8,42,বামন্দি
8,42,মটমূড়া
8,42,ষোলটাকা
8,42,সাহারবাটি
8,42,ধানখোলা
8,42,রায়পুর
8,43,কুতুবপুর
8,43,বুড়িপোতা
8,43,আমঝুপি
8,43,আমদহ
8,43,পিরোজপুর
8,44,দারিয়াপুর
8,44,বাগোয়ান
8,44,মহাজনপুর
8,44,মোনখালী
9,45,পায়রা
9,45,চলিশিয়া
9,45,প্রেমবাগ
9,45,বাঘুটিয়া
9,45,শুভরাড়া
9,45,শ্রীধরপুর
9,45,সিদ্ধিপাশা
9,45,সুন্দলী
9,46,ত্রিমোহিনী
9,46,সাগরদাড়ী
9,46,মজিদপুর
9,46,বিদ্যানন্দকাটি
9,46,মঙ্গলকোট
9,46,কেশবপুর
9,46,পাজিয়া
9,46,সুফলাকাটি
9,46,গৌরিঘোনা
9,46,সাতবাড়িয়া
9,46,হাসানপুর
9,47,ফুলসারা
9,47,পাশাপোল
9,47,সিংহঝুলী
9,47,ধুলিয়ানী
9,47,চৌগাছা
9,47,জগদিশপুর
9,47,পাতিবিলা
9,47,হাকিমপুর
9,47,স্বরূপদাহ
9,47,নারায়ণপুর
9,47,সুখপুকুরিয়া
9,48,গঙ্গানন্দপুর
9,48,মাগুরা
9,48,শিমুলিয়া
9,48,গদখালী
9,48,পানিসারা
9,48,ঝিকরগাছা
9,48,নাভারণ
9,48,নির্বাসখোলা
9,48,হাজিরবাগ
9,48,শংকরপুর
9,48,বাঁকড়া
9,49,জহুরপুর
9,49,বন্দবিলা
9,49,রায়পুর
9,49,নারিকেলবাড়িয়া
9,49,ধলগ্রাম
9,49,দোহাকুলা
9,49,দরাজহাট
9,49,বাসুয়াড়ী
9,49,জামদিয়া
9,50,কাশিমনগর
9,50,কুলটিয়া
9,50,খানপুর
9,50,খেদাপাড়া
9,50,চালুয়াহাটি
9,50,ঝাঁপা
9,50,ঢাকুরিয়া
9,50,দুর্বাডাঙ্গা
9,50,নেহালপুর
9,50,ভোজগাতি
9,50,মনিরামপুর
9,50,মনোহরপুর
9,50,মশ্বিমনগর
9,50,রোহিতা
9,50,শ্যামকুড়
9,50,হরিদাসকাটি
9,50,হরিহরনগর
9,51,হৈবতপুর
9,51,লেবুতলা
9,51,ইছালী
9,51,আরবপুর
9,51,উপশহর
9,51,কচুয়া
9,51,কাশিমপুর
9,51,চুড়ামনকাটি
9,51,চাঁচড়া
9,51,নরেন্দ্রপুর
9,51,নওয়াপাড়া
9,51,ফতেপুর
9,51,বসুন্দিয়া
9,51,রামনগর
9,51,দেয়ারা
9,52,ডিহি
9,52,লক্ষণপুর
9,52,বাহাদুরপুর
9,52,বেনাপোল
9,52,পুটখালী
9,52,গোগা
9,52,কায়বা
9,52,বাগআঁচড়া
9,52,উলাশী
9,52,শার্শা
9,52,নিজামপুর
10,53,বাঁশদহ
10,53,কুশখালী
10,53,বৈকারী
10,53,ঘোনা
10,53,শিবপুর
10,53,ভোমরা
10,53,আলীপুর
10,53,ধুলিহর
10,53,ব্রহ্মরাজপুর
10,53,আগরদাঁড়ী
10,53,ঝাউডাঙ্গা
10,53,বল্লী
10,53,লাবসা
10,53,ফিংড়ী
10,54,শোভনালী
10,54,বুধহাটা
10,54,কুল্যা
10,54,দরগাহপুর
10,54,বড়দল
10,54,আশাশুনি
10,54,শ্রীউলা
10,54,খাজরা
10,54,আনুলিয়া
10,54,প্রতাপনগর
10,54,কাদাকাটি
10,55,জয়নগর
10,55,জালালাবাদ
10,55,কয়লা
10,55,লাঙ্গলঝাড়া
10,55,কেঁড়াগাছি
10,55,সোনাবাড়ীয়া
10,55,চন্দনপুর
10,55,কেরালকাতা
10,55,হেলাতলা
10,55,কুশোডাঙ্গা
10,55,দেয়াড়া
10,55,যুগিখালী
10,20,কৃষ্ণনগর
10,20,বিষ্ণুপুর
10,20,চাম্পাফুল
10,20,দক্ষিণ শ্রীপুর
10,20,কুশুলিয়া
10,20,নলতা
10,20,তারালী
10,20,ভাড়াশিমলা
10,20,মথুরেশপুর
10,20,ধলবাড়িয়া
10,20,রতনপুর
10,20,মৌতলা
10,56,নগরঘাটা
10,56,সরুলিয়া
10,56,কুমিরা
10,56,ধানদিয়া
10,56,ইসলামকাটি
10,56,তালা
10,56,খলিশখালী
10,56,মাগুরা
10,56,তেতুলিয়া
10,56,খেশরা
10,56,জালালপুর
10,56,খলিলনগর
10,57,কুলিয়া
10,57,পারুলিয়া
10,57,সখিপুর
10,57,নওয়াপাড়া
10,57,দেবহাটা
10,58,ভুরুলিয়া
10,58,কাশিমাড়ী
10,58,শ্যামনগর
10,58,নূরনগর
10,58,কৈখালী
10,58,রমজাননগর
10,58,মুন্সীগঞ্জ
10,58,ঈশ্বরীপুর
10,58,বুড়িগোয়ালিনী
10,58,আটুলিয়া
10,58,পদ্মপুকুর
10,58,গাবুরা
11,59,বৈরাগ
11,59,বারশত
11,59,রায়পুর
11,59,বটতলী
11,59,বরুমছড়া
11,59,বারখাইন
11,59,আনোয়ারা
11,59,চাতরী
11,59,পরৈকোড়া
11,59,হাইলধর
11,59,জুঁইদণ্ডী
11,60,চর লক্ষ্যা
11,60,জুলধা
11,60,চর পাথরঘাটা
11,60,বড় উঠান
11,60,শিকলবাহা
11,61,কাঞ্চনাবাদ
11,61,জোয়ারা
11,61,হারলা (বিলুপ্ত)
11,61,বরকল
11,61,চন্দনাইশ
11,61,বরমা
11,61,বৈলতলী
11,61,সাতবাড়িয়া
11,61,হাশিমপুর
11,61,দোহাজারী (বিলুপ্ত)
11,61,ধোপাছড়ি
11,62,কোলাগাঁও
11,62,হাবিলাসদ্বীপ
11,62,কুসুমপুরা
11,62,জিরি
11,62,কাশিয়াইশ
11,62,আশিয়া
11,62,জঙ্গলখাইন
11,62,বড়লিয়া
11,62,ধলঘাট
11,62,কেলিশহর
11,62,হাইদগাঁও
11,62,দক্ষিণ ভূর্ষি
11,62,ভাটিখাইন
11,62,ছনহরা
11,62,কচুয়াই
11,62,খরনা
11,62,পটিয়া
11,62,শোভনদণ্ডী
11,63,বাগানবাজার
11,63,দাঁতমারা
11,63,নারায়ণহাট
11,63,ভূজপুর
11,63,হারুয়ালছড়ি
11,63,পাইন্দং
11,63,কাঞ্চননগর
11,63,রাঙ্গামাটিয়া (বিলুপ্ত)
11,63,ধুরুং (বিলুপ্ত)
11,63,সুন্দরপুর
11,63,সুয়াবিল
11,63,দৌলতপুর (বিলুপ্ত)
11,63,লেলাং
11,63,নানুপুর
11,63,রোসাংগিরী
11,63,বখতপুর
11,63,জাফতনগর
11,63,ধর্মপুর
11,63,ফটিকছড়ি
11,63,সমিতিরহাট
11,63,আব্দুল্লাহপুর
11,63,খিরাম
11,64,পুকুরিয়া
11,64,সাধনপুর
11,64,খানখানাবাদ
11,64,বাহারছড়া
11,64,কালীপুর
11,64,বৈলছড়ি
11,64,কাথরিয়া
11,64,সরল
11,64,জলদী (বিলুপ্ত)
11,64,গণ্ডামারা
11,64,শীলকূপ
11,64,চাম্বল
11,64,পুঁইছড়ি
11,64,ছনুয়া
11,64,শেখেরখীল
11,65,কধুরখীল
11,65,পশ্চিম গোমদণ্ডী
11,65,পূর্ব গোমদণ্ডী (বিলুপ্ত)
11,65,শাকপুরা
11,65,সারোয়াতলী
11,65,পোপাদিয়া
11,65,চরণদ্বীপ
11,65,শ্রীপুর খরণদ্বীপ
11,65,আমুচিয়া
11,65,আহলা করলডেঙ্গা
11,66,করেরহাট
11,66,হিঙ্গুলী
11,66,জোরারগঞ্জ
11,66,ধুম
11,66,ওসমানপুর
11,66,ইছাখালী
11,66,কাটাছড়া
11,66,দুর্গাপুর
11,66,মীরসরাই
11,66,মিঠানালা
11,66,মঘাদিয়া
11,66,খৈয়াছড়া
11,66,মায়ানী
11,66,হাইতকান্দি
11,66,ওয়াহেদপুর
11,66,সাহেরখালী
11,67,হলদিয়া
11,67,ডাবুয়া
11,67,চিকদাইর
11,67,গহিরা
11,67,সুলতানপুর (বিলুপ্ত)
11,67,বিনাজুরী
11,67,রাউজান
11,67,৮নং কদলপুর
11,67,৯নং পাহাড়তলী
11,67,পূর্ব গুজরা
11,67,পশ্চিম গুজরা
11,67,উরকিরচর
11,67,নোয়াপাড়া
11,67,বাগোয়ান
11,67,নওয়াজিশপুর
11,68,রাজানগর
11,68,হোসনাবাদ
11,68,স্বনির্ভর রাঙ্গুনিয়া
11,68,মরিয়মনগর
11,68,পারুয়া
11,68,পোমরা
11,68,বেতাগী
11,68,চন্দ্রঘোনা কদমতলী
11,68,ইসলামপুর
11,68,দক্ষিণ রাজানগর
11,68,লালানগর
11,68,সরফভাটা
11,68,শিলক
11,68,পদুয়া
11,68,কোদালা
11,69,বড়হাতিয়া
11,69,আমিরাবাদ
11,69,পদুয়া
11,69,চরম্বা
11,69,কলাউজান
11,69,লোহাগাড়া
11,69,পুটিবিলা
11,69,চুনতি
11,69,আধুনগর
11,70,উড়িরচর
11,70,হুদ্রাখালী (বিলুপ্ত)
11,70,গাছুয়া
11,70,সন্তোষপুর
11,70,দীর্ঘাপাড় (বিলুপ্তপ্রায়)
11,70,কালাপানিয়া
11,70,কাটগড় (বিলুপ্ত)
11,70,হরিশপুর
11,70,ইজ্জতপুর (বিলুপ্ত)
11,70,বাউরিয়া
11,70,মুছাপুর
11,70,রহমতপুর
11,70,আজিমপুর
11,70,নয়ামস্তি (বিলুপ্ত)
11,70,মাইটভাঙ্গা
11,70,সারিকাইত
11,70,মগধরা
11,70,হারামিয়া
11,70,আমানউল্যা
11,70,বাটাজোড়া (বিলুপ্ত)
11,71,চরতী
11,71,খাগরিয়া
11,71,নলুয়া
11,71,কাঞ্চনা
11,71,আমিলাইশ
11,71,এওচিয়া
11,71,মাদার্শা
11,71,ঢেমশা
11,71,পশ্চিম ঢেমশা
11,71,কেঁওচিয়া
11,71,কালিয়াইশ
11,71,ধর্মপুর
11,71,বাজালিয়া
11,71,পুরানগড়
11,71,ছদাহা
11,71,সাতকানিয়া
11,71,সোনাকানিয়া
11,72,সৈয়দপুর
11,72,বারৈয়াঢালা
11,72,সীতাকুণ্ড (বিলুপ্ত)
11,72,মুরাদপুর
11,72,বাড়বকুণ্ড
11,72,বাঁশবাড়িয়া
11,72,কুমিরা
11,72,সোনাইছড়ি
11,72,ভাটিয়ারী
11,72,সলিমপুর
11,73,ফরহাদাবাদ
11,73,ধলই
11,73,মির্জাপুর
11,73,গুমানমর্দন
11,73,নাঙ্গলমোড়া
11,73,ছিপাতলী
11,73,হাটহাজারী (বিলুপ্ত)
11,73,মেখল
11,73,গড়দুয়ারা
11,73,উত্তর মাদার্শা
11,73,ফতেপুর
11,73,চিকনদণ্ডী
11,73,দক্ষিণ মাদার্শা
11,73,শিকারপুর বুড়িশ্চর
12,74,জালিয়াপালং
12,74,রত্নাপালং
12,74,হলদিয়াপালং
12,74,রাজাপালং
12,74,পালংখালী
12,75,চৌফলদণ্ডী
12,75,ভারুয়াখালী
12,75,পাটালি মাছুয়াখালী
12,75,খুরুশকুল
12,75,ঝিলংজা
12,76,উত্তর ধুরুং
12,76,দক্ষিণ ধুরুং
12,76,লেমশীখালী
12,76,কৈয়ারবিল
12,76,বড়ঘোপ
12,76,আলী আকবর ডেইল
12,77,হারবাং
12,77,বড়ইতলী
12,77,কৈয়ারবিল
12,77,বমু বিলছড়ি
12,77,সুরাজপুর মানিকপুর
12,77,পূর্ব বড় ভেওলা
12,77,কাকারা
12,77,ফাঁসিয়াখালী
12,77,লক্ষ্যারচর
12,77,চিরিঙ্গা
12,77,সাহারবিল
12,77,ভেওলা মানিকচর
12,77,পশ্চিম বড় ভেওলা
12,77,বদরখালী
12,77,ঢেমুশিয়া
12,77,ডুলাহাজারা
12,77,খুটাখালী
12,77,কোনাখালী
12,78,হোয়াইক্যং
12,78,হ্নীলা
12,78,টেকনাফ সদর
12,78,সাবরাং
12,78,বাহারছড়া
12,78,সেন্টমার্টিন
12,79,রাজাখালী
12,79,টৈটং
12,79,বারবাকিয়া
12,79,পেকুয়া
12,79,মগনামা
12,79,উজানটিয়া
12,79,শীলখালী
12,80,মাতারবাড়ী
12,80,ধলঘাটা
12,80,কালারমারছড়া
12,80,শাপলাপুর
12,80,হোয়ানক
12,80,বড় মহেশখালী
12,80,কুতুবজোম ছোট মহেশখালী
12,81,ঈদগড়
12,81,গর্জনিয়া
12,81,কচ্ছপিয়া
12,81,কাউয়ারখোপ
12,81,ফতেখাঁরকূল
12,81,জোয়ারিয়ানালা
12,81,রাজারকূল
12,81,দক্ষিণ মিঠাছড়ি
12,81,খুনিয়াপালং
12,81,চাকমারকূল রশিদনগর
12,82,ইসলামপুর
12,82,পোকখালী
12,82,ইসলামাবাদ
12,82,ঈদগাঁও
12,82,জালালাবাদ
13,83,আশুগঞ্জ সদর
13,83,চর চারতলা
13,83,দুর্গাপুর
13,83,তালশহর পশ্চিম
13,83,আড়াইসিধা
13,83,শরীফপুর
13,83,লালপুর
13,83,তারুয়া
13,84,মনিয়ন্দ
13,84,ধরখাড়
13,84,মোগড়া
13,84,আখাউড়া উত্তর
13,84,আখাউড়া দক্ষিণ
13,85,মূলগ্রাম
13,85,মেহারী
13,85,বাদৈর
13,85,খাড়েরা
13,85,বিনাউটি
13,85,গোপীনাথপুর
13,85,কসবা পশ্চিম
13,85,কুটি
13,85,কায়েমপুর
13,85,বায়েক
13,86,বড়াইল
13,86,বীরগাঁও
13,86,কৃষ্ণনগর
13,86,নাটঘর
13,86,বিদ্যাকুট
13,86,নবীনগর পূর্ব
13,86,নবীনগর পশ্চিম
13,86,কাইতলা উত্তর
13,86,বিটঘর
13,86,শিবপুর
13,86,ইব্রাহিমপুর
13,86,শ্রীরামপুর
13,86,লাউর ফতেপুর
13,86,জিনোদপুর
13,86,রসুল্লাবাদ
13,86,সাতমোড়া
13,86,শ্যামগ্রাম
13,86,ছলিমগঞ্জ
13,86,বড়িকান্দি
13,86,কাইতলা দক্ষিণ
13,86,রতনপুর
13,87,চাতলপাড়
13,87,ভলাকুট
13,87,কুণ্ডা
13,87,গোয়ালনগর
13,87,নাসিরনগর
13,87,বুড়িশ্বর
13,87,ফান্দাউক
13,87,গুনিয়াউক
13,87,চাপৈরতলা
13,87,গোকর্ণ
13,87,পূর্বভাগ
13,87,হরিপুর
13,87,ধরমণ্ডল
13,88,তেজখালী
13,88,পাহাড়িয়াকান্দি
13,88,দরিয়াদৌলত
13,88,সোনারামপুর
13,88,দড়িকান্দি
13,88,ছয়ফুল্লাকান্দি
13,88,বাঞ্ছারামপুর
13,88,আইয়ুবপুর
13,88,ফরদাবাদ
13,88,রূপসদী
13,88,ছলিমাবাদ
13,88,উজানচর
13,88,মানিকপুর
13,89,মজলিশপুর
13,89,বুধল
13,89,সুহিলপুর
13,89,তালশহর পূর্ব
13,89,নাটাই উত্তর
13,89,নাটাই দক্ষিণ
13,89,রামরাইল
13,89,সুলতানপুর
13,89,বাসুদেব
13,89,মাছিহাতা
13,89,সাদেকপুর
13,90,অরুয়াইল
13,90,পাকশিমুল
13,90,চুণ্টা
13,90,কালিকচ্ছ
13,90,পানিশ্বর
13,90,সরাইল সদর
13,90,নোয়াগাঁও
13,90,শাহজাদাপুর
13,90,শাহবাজপুর টাউন
13,91,বুধন্তি
13,91,চান্দুরা
13,91,ইছাপুরা
13,91,চম্পকনগর
13,91,হরষপুর
13,91,পত্তন
13,91,সিংগারবিল
13,91,বিষ্ণুপুর
13,91,চর ইসলামপুর
13,91,পাহাড়পুর
14,92,আলীকদম সদর
14,92,চৈক্ষ্যং
14,92,নয়াপাড়া
14,92,কুরুকপাতা
14,93,রেমাক্রী
14,93,তিন্দু
14,93,থানচি সদর
14,93,বলিপাড়া
14,94,নাইক্ষ্যংছড়ি সদর
14,94,বাইশারী
14,94,ঘুমধুম
14,94,"দোছড়ি,সোনাইছড়ি"
14,95,রাজবিলা
14,95,কুহালং
14,95,বান্দরবান সদর
14,95,সুয়ালক
14,95,টংকাবতী
14,96,পাইন্দু
14,96,রুমা সদর
14,96,রেমাক্রীপ্রাংসা গ্যালেংগ্যা
14,97, রোয়াংছড়ি সদর
14,97,তারাছা
14,97,আলেক্ষ্যং
14,97,নোয়াপতং
14,98,গজালিয়া
14,98,লামা সদর
14,98,ফাঁসিয়াখালী
14,98,আজিজনগর
14,98,সরই
14,98,রূপসীপাড়া
14,98,ফাইতং
15,99,খাগড়াছড়ি সদর
15,99,কমলছড়ি
15,99,গোলাবাড়ী
15,99,পেরাছড়া
15,99,ভাইবোনছড়া
15,100,গুইমারা
15,100,হাফছড়ি সিন্দুকছড়ি
15,101,মেরুং
15,101,বোয়ালখালী
15,101,কবাখালী
15,101,দীঘিনালা
15,101,বাবুছড়া
15,102,লোগাং
15,102,চেঙ্গী
15,102,পানছড়ি
15,102,লতিবান উল্টাছড়ি
15,103,মহালছড়ি
15,103,মুবাছড়ি
15,103,ক্যায়াংঘাট মাইসছড়ি
15,104,তাইন্দং
15,104,তবলছড়ি
15,104,বড়নাল
15,104,গোমতি
15,104,বেলছড়ি
15,104,মাটিরাঙ্গা আমতলী
15,104,মাটিরাঙ্গা
15,105,মানিকছড়ি
15,105,বাটনাতলী
15,105,যোগ্যাছোলা তিনটহরী
15,106,রামগড়
15,106,পাতাছড়া
15,107,লক্ষ্মীছড়ি
15,107,দুল্যাতলী বর্মাছড়ি
16,108,বেতবুনিয়া
16,108,ফটিকছড়ি
16,108,ঘাগড়া কলমপতি
16,109,চন্দ্রঘোনা রাইখালী
16,109,চিৎমরম
16,109,কাপ্তাই
16,109,ওয়াজ্ঞা
16,110,জুরাছড়ি
16,110,বনযোগীছড়া
16,110,মৈদং দুমদুম্যা
16,111,সাবেক্ষ্যং
16,111,নানিয়ারচর
16,111,বুড়িঘাট ঘিলাছড়ি
16,112,সুবলং
16,112,বরকল
16,112,আইমাছড়া
16,112,ভূষণছড়া বড় হরিণা
16,113,সারোয়াতলী
16,113,খেদারমারা
16,113,বাঘাইছড়ি
16,113,মারিশ্যা
16,113,রূপকারী
16,113,বঙ্গলতলী আমতলী
16,113,সাজেক
16,114,বিলাইছড়ি
16,114,কেংড়াছড়ি
16,114,ফারুয়া বড়থলি
16,115,জীবতলী
16,115,মগবান
16,115,সাপছড়ি
16,115,কুতুকছড়ি
16,115,বন্দুকভাঙ্গা
16,115,বালুখালী
16,116,ঘিলাছড়ি
16,116,গাইন্দ্যা
16,116,বাঙ্গালহালিয়া
16,117,আটারকছড়া
16,117,কালাপাকুজ্যা
16,117,গুলশাখালী
16,117,বগাচতর
16,117,ভাসান্যাদম
16,117,মাইনীমুখ
16,117,লংগদু
17,118,নরোত্তমপুর
17,118,সুন্দলপুর
17,118,ধানসিঁড়ি
17,118,ঘোষবাগ
17,118,চাপরাশিরহাট
17,118,ধানশালিক বাটইয়া
17,119,সিরাজপুর
17,119,চর পার্বতী
17,119,চর হাজারী
17,119,চর কাঁকড়া
17,119,চর ফকিরা
17,119,রামপুর
17,119,মুছাপুর
17,119,চর এলাহী
17,120,সাহাপুর
17,120,রামনারায়ণপুর
17,120,পরকোট
17,120,বদলকোট
17,120,মোহাম্মদপুর
17,120,পাঁচগাঁও
17,120,হাটপুকুরিয়া ঘাটলাবাগ
17,120,নোয়াখলা খিলপাড়া
17,121,চর মটুয়া
17,121,দাদপু্র
17,121,নোয়ান্নই
17,121,কাদির হানিফ
17,121,বিনোদপুর
17,121,নোয়াখালী
17,121,ধর্মপুর
17,121,এওজবালিয়া
17,121,কালাদরপ
17,121,অশ্বদিয়া
17,121,নিয়াজপুর
17,121,পূর্ব চর মটুয়া আণ্ডারচর
17,122,আমানউল্যাপুর
17,122,গোপালপুর
17,122,জিরতলী
17,122,আলাইয়ারপুর
17,122,ছয়ানী
17,122,রাজগঞ্জ
17,122,একলাশপুর
17,122,বেগমগঞ্জ
17,122,মিরওয়ারিশপুর
17,122,নরোত্তমপুর
17,122,দুর্গাপুর
17,122,কুতুবপুর
17,122,রসুলপুর
17,122,হাজীপুর
17,122,শরীফপুর কাদিরপুর
17,123,চর জব্বর
17,123,চর বাটা
17,123,চর ক্লার্ক
17,123,চর ওয়াপদা
17,123,চর জুবলী
17,123,চর আমানউল্যা
17,123,পূর্ব চর বাটা মোহাম্মদপুর
17,124,ছাতারপাইয়া
17,124,কেশারপাড়
17,124,ডুমুরুয়া
17,124,কাদরা
17,124,অর্জুনতলা
17,124,কাবিলপুর
17,124,মোহাম্মদপুর
17,124,বিজবাগ নবীপুর
17,125,জয়াগ
17,125,নদনা
17,125,চাষীরহাট
17,125,বারগাঁও
17,125,অম্বরনগর
17,125,নাটেশ্বর
17,125,বজরা
17,125,সোনাপুর
17,125,দেওটি আমিশাপাড়া
17,126,হরণী
17,126,চানন্দী
17,126,সুখচর
17,126,নলচিরা
17,126,চর ঈশ্বর
17,126,চর কিং
17,126,তমরদ্দি
17,126,সোনাদিয়া
17,126,বুড়িরচর
17,126,জাহাজমারা নিঝুমদ্বীপ
18,127,চর কালকিনি
18,127,সাহেবেরহাট
18,127,চর লরেন্স
18,127,"চর মার্টিন,চর ফলকন"
18,127,পাটারীরহাট
18,127,হাজিরহাট
18,127,"চর কাদিরা,তোরাবগঞ্জ"
18,128,কাঞ্চনপুর
18,128,নোয়াগাঁও
18,128,ভাদুর
18,128,ইছাপুর
18,128,চণ্ডিপুর
18,128,লামচর
18,128,দরবেশপুর
18,128,করপাড়া
18,128,ভোলাকোট
18,128,ভাটরা
18,129,চর বাদাম
18,129,চর পোড়াগাছা
18,129,আলেকজান্ডার
18,129,চর আবদুল্যাহ
18,129,চর আলগী
18,129,চর রমিজ
18,129,বড়খেড়ী
18,129,চর গাজী
18,130,উত্তর চর আবাবিল
18,130,উত্তর চর বংশী
18,130,চর মোহনা
18,130,সোনাপুর
18,130,চর পাতা
18,130,কেরোয়া
18,130,বামনী
18,130,দক্ষিণ চর বংশী
18,130,দক্ষিণ চর আবাবিল
18,130,রায়পুর
18,131,উত্তর হামছাদী
18,131,দক্ষিণ হামছাদী
18,131,দালাল বাজার
18,131,চর রুহিতা
18,131,পার্বতীনগর
18,131,বাঙ্গাখাঁ
18,131,লাহারকান্দি
18,131,শাকচর
18,131,ভবানীগঞ্জ
18,131,তেওয়ারীগঞ্জ
18,131,চর রমণীমোহন
18,131,টুমচর
18,131,বশিকপুর
18,131,দত্তপাড়া
18,131,উত্তর জয়পুর
18,131,চন্দ্রগঞ্জ
18,131,হাজিরপাড়া
18,131,চর শাহী
18,131,দিঘলী
18,131,মান্দারী
18,131,কুশাখালী।
19,132,শর্শদি
19,132,পাঁচগাছিয়া
19,132,বরাহীপুর (বিলুপ্ত)
19,132,ধর্মপুর
19,132,কাজিরবাগ
19,132,কালিদহ
19,132,বালিগাঁও
19,132,ধলিয়া
19,132,লেমুয়া
19,132,ছনুয়া
19,132,মোটবী
19,132,ফাজিলপুর
19,132,ফরহাদনগর
19,133,সিন্দুরপুর
19,133,রাজাপুর
19,133,পূর্ব চন্দ্রপুর
19,133,রামনগর
19,133,ইয়াকুবপুর
19,133,দাগনভূঁইয়া
19,133,মাতুভূঁইয়া
19,133,জায়লস্কর
19,134,চর মজলিশপুর
19,134,বগাদানা
19,134,মঙ্গলকান্দি
19,134,মতিগঞ্জ
19,134,চর দরবেশ
19,134,চর চান্দিয়া
19,134,সোনাগাজী
19,134,আমিরাবাদ
19,134,নবাবপুর
19,135,মহামায়া
19,135,পাঠাননগর
19,135,ছাগলনাইয়া (বিলুপ্ত)
19,135,রাধানগর
19,135,শুভপুর
19,135,ঘোপাল
19,136,মির্জানগর
19,136,পরশুরাম (বিলুপ্ত)
19,136,চিথলিয়া
19,136,বক্স মাহমুদ
19,137,ফুলগাজী
19,137,মুন্সিরহাট
19,137,দরবারপুর
19,137,আনন্দপুর
19,137,আমজাদহাট
19,137,জিএমহাট
20,138,আগানগর
20,138,ভবানীপুর
20,138,খোশবাস উত্তর
20,138,খোশবাস দক্ষিণ
20,138,ঝলম
20,138,চিতড্ডা
20,138,শাকপুর
20,138,ভাউকসার
20,138,শিলমুড়ী দক্ষিণ
20,138,শিলমুড়ী উত্তর
20,138,গালিমপুর
20,138,আড্ডা
20,138,আদ্রা
20,138,লক্ষ্মীপুর
20,138,পয়ালগাছা
20,139,সুহিলপুর
20,139,বাতাঘাসী
20,139,মাধাইয়া
20,139,মহিচাইল
20,139,কেরণখাল
20,139,বাড়েরা
20,139,এতবারপুর
20,139,বরকইট
20,139,মাইজখার
20,139,গল্লাই
20,139,দোল্লাই নবাবপুর
20,139,বরকরই
20,139,জোয়াগ
20,140,দাউদকান্দি উত্তর
20,140,দাউদকান্দি দক্ষিণ (বিলুপ্ত)
20,140,সুন্দলপুর
20,140,বারপাড়া
20,140,গৌরীপুর
20,140,জিংলাতলী
20,140,ইলিয়টগঞ্জ উত্তর
20,140,ইলিয়টগঞ্জ দক্ষিণ
20,140,মালিগাঁও
20,140,মোহাম্মদপুর পশ্চিম
20,140,মারুকা
20,140,বিটেশ্বর
20,140,গোয়ালমারী
20,140,পদুয়া
20,140,পাঁচগাছিয়া পশ্চিম
20,140,দৌলতপুর
20,141,বাকই
20,141,মুদাফফরগঞ্জ
20,141,মুদাফফরগঞ্জ দক্ষিণ
20,141,কান্দিরপাড়
20,141,গোবিন্দপুর
20,141,উত্তরদা
20,141,আজগরা
20,141,লাকসাম পূর্ব
20,142,মাধবপুর
20,142,শিদলাই
20,142,চান্দলা
20,142,শশীদল
20,142,দুলালপুর
20,142,ব্রাহ্মণপাড়া সদর
20,142,সাহেবাবাদ
20,142,মালাপাড়া
20,143,রাজাপুর
20,143,বাকশীমূল
20,143,বুড়িচং সদর
20,143,ষোলনল
20,143,পীরযাত্রাপুর
20,143,ময়নামতি
20,143,মোকাম
20,143,ভারেল্লা
20,143,ভারেল্লা দক্ষিণ
20,144,কাশিনগর
20,144,উজিরপুর
20,144,কালিকাপুর
20,144,শ্রীপুর
20,144,শুভপুর
20,144,ঘোলপাশা
20,144,চৌদ্দগ্রাম (বিলুপ্ত)
20,144,মুন্সিরহাট
20,144,কনকাপৈত
20,144,বাতিসা
20,144,চিওড়া
20,144,গুণবতী
20,144,জগন্নাথদীঘি
20,144,আলকরা
20,145,বড়শালঘর
20,145,ইউসুফপুর
20,145,রসুলপুর
20,145,সুবিল
20,145,৫নং দেবিদ্বার (বিলুপ্ত)
20,145,ফতেহাবাদ
20,145,এলাহাবাদ
20,145,জাফরগঞ্জ
20,145,গুনাইঘর উত্তর
20,145,গুনাইঘর দক্ষিণ
20,145,রাজামেহার
20,145,ভানী
20,145,ধামতী
20,145,সুলতানপুর
20,145,বরকামতা
20,145,মোহনপুর
20,145,দেবিদ্বার
20,146,মাথাভাঙ্গা
20,146,ঘাগুটিয়া
20,146,দুলালপুর
20,146,চান্দেরচর
20,146,আছাদপুর
20,146,নিলখী
20,146,ভাসানিয়া
20,146,ঘারমোড়া
20,146,জয়পুর
20,147,শ্রীকাইল
20,147,আকুবপুর
20,147,আন্দিকোট
20,147,পূর্বধইর পূর্ব
20,147,পূর্বধইর পশ্চিম
20,147,বাঙ্গরা পূর্ব
20,147,বাঙ্গরা পশ্চিম
20,147,চাপিতলা
20,147,"কামাল্লা,যাত্রাপুর"
20,147,রামচন্দ্রপুর উত্তর
20,147,রামচন্দ্রপুর দক্ষিণ
20,147,মুরাদনগর সদর
20,147,নবীপুর পূর্ব
20,147,নবীপুর পশ্চিম
20,147,"ধামঘর,জাহাপুর"
20,147,ছালিয়াকান্দি
20,147,দারোরা
20,147,পাহাড়পুর
20,147,বাবুটিপাড়া
20,147,টনকী
20,148,বাঙ্গড্ডা
20,148,পেড়িয়া
20,148,রায়কোট
20,148,মৌকরা
20,148,মক্রবপুর
20,148,আদ্রা দক্ষিণ
20,148,জোড্ডা পশ্চিম
20,148,ঢালুয়া
20,148,দৌলখাঁড়
20,148,বক্সগঞ্জ
20,148,সাতবাড়িয়া
20,148,হেসাখাল
20,148,বটতলী
20,148,জোড্ডা পূর্ব
20,148,রায়কোট দক্ষিণ
20,148,আদ্রা উত্তর
20,149,চন্দনপুর
20,149,চালিভাঙ্গা
20,149,রাধানগর
20,149,মানিকারচর
20,149,বড়কান্দা
20,149,গোবিন্দপুর
20,149,লুটেরচর
20,149,ভাওরখোলা।
20,150,সাতানী
20,150,জগতপুর
20,150,বলরামপুর
20,150,কড়িকান্দি
20,150,কলাকান্দি
20,150,ভিটিকান্দি
20,150,নারান্দিয়া
20,150,জিয়ারকান্দি
20,150,মজিদপুর
20,151,বাইশগাঁও
20,151,সরসপুর
20,151,হাসনাবাদ
20,151,ঝলম উত্তর
20,151,ঝলম দক্ষিণ
20,151,মৈশাতুয়া
20,151,লক্ষণপুর
20,151,খিলা
20,151,উত্তর হাওলা
20,151,নাথেরপেটুয়া
20,151,বিপুলাসার।
20,152,কালিরবাজার
20,152,দুর্গাপুর দক্ষিণ
20,152,দুর্গাপুর উত্তর
20,152,আমড়াতলী
20,152,পাঁচথুবী
20,152,জগন্নাথপুর
20,153,বিজয়পুর
20,153,চৌয়ারা
20,153,গলিয়ারা
20,153,বারপাড়া
20,153,জোড়কানন পশ্চিম
20,153,জোড়কানন পূর্ব
20,154,বাগমারা উত্তর
20,154,বাগমারা দক্ষিণ
20,154,ভুলইন উত্তর
20,154,ভুলইন দক্ষিণ
20,154,পেরুল উত্তর
20,154,পেরুল দক্ষিণ
20,154,বেলঘর উত্তর
20,154,বেলঘর দক্ষিণ
20,154,বাকই উত্তর
21,29,সাচার
21,29,পাথৈর
21,29,বিতারা
21,29,পালাখাল
21,29,সহদেবপুর পশ্চিম
21,29,কচুয়া উত্তর
21,29,কচুয়া দক্ষিণ
21,29,কাদলা
21,29,কড়ইয়া
21,29,গোহট উত্তর
21,29,গোহট দক্ষিণ আশরাফপুর
21,155,বিষ্ণুপুর
21,155,আশিকাটি
21,155,কল্যাণপুর
21,155,শাহ মাহমুদপুর
21,155,রামপুর
21,155,মৈশাদী
21,155,তরপুরচণ্ডী
21,155,বাগাদী
21,155,বালিয়া
21,155,লক্ষ্মীপুর
21,155,ইব্রাহিমপুর
21,155,চান্দ্রা
21,155,হানারচর রাজরাজেশ্বর
21,156,বালিথুবা পশ্চিম
21,156,বালিথুবা পূর্ব
21,156,সুবিদপুর পূর্ব
21,156,সুবিদপুর পশ্চিম
21,156,গুপ্টি পূর্ব
21,156,গুপ্টি পশ্চিম
21,156,পাইকপাড়া উত্তর
21,156,পাইকপাড়া দক্ষিণ
21,156,গোবিন্দপুর উত্তর
21,156,গোবিন্দপুর দক্ষিণ
21,156,চর দুঃখিয়া পূর্ব
21,156,চর দুঃখিয়া পশ্চিম
21,156,ফরিদগঞ্জ দক্ষিণ
21,156,রূপসা উত্তর রূপসা দক্ষিণ
21,157,ষাটনল
21,157,বাগানবাড়ী
21,157,সাদুল্লাপুর
21,157,দুর্গাপুর
21,157,কলাকান্দা
21,157,মোহনপুর
21,157,এখলাছপুর
21,157,জহিরাবাদ
21,157,ফতেপুর পূর্ব
21,157,ফতেপুর পশ্চিম
21,157,ফরাজিকান্দি
21,157,ইসলামাবাদ
21,157,সুলতানাবাদ গজরা
21,158,নায়েরগাঁও উত্তর
21,158,নায়েরগাঁও দক্ষিণ
21,158,খাদেরগাঁও
21,158,নারায়ণপুর
21,158,উপাদী উত্তর উপাদী দক্ষিণ
21,159,টামটা উত্তর
21,159,টামটা দক্ষিণ
21,159,মেহের উত্তর
21,159,মেহের দক্ষিণ
21,159,রায়শ্রী উত্তর
21,159,রায়শ্রী দক্ষিণ
21,159,সূচীপাড়া উত্তর
21,159,সূচীপাড়া দক্ষিণ
21,159,চিতোষী পূর্ব চিতোষী পশ্চিম
21,160,গাজীপুর
21,160,আলগী দুর্গাপুর উত্তর
21,160,আলগী দুর্গাপুর দক্ষিণ
21,160,নীলকমল
21,160,হাইমচর চর ভৈরবী
21,161,রাজারগাঁও উত্তর
21,161,বাকিলা
21,161,কালচোঁ উত্তর
21,161,কালচোঁ দক্ষিণ
21,161,হাজীগঞ্জ সদর
21,161,বড়কুল পূর্ব
21,161,বড়কুল পশ্চিম
21,161,হাটিলা পূর্ব
21,161,গন্ধর্ব্যপুর উত্তর
21,161,গন্ধর্ব্যপুর দক্ষিণ
21,161,হাটিলা পশ্চিম দ্বাদশ গ্রাম
22,162,রশিদাবাদ
22,162,লতিবাবাদ
22,162,মাইজখাপন
22,162,মহিনন্দ
22,162,যশোদল
22,162,বৌলাই
22,162,বিন্নাটি
22,162,মারিয়া
22,162,চৌদ্দশত
22,162,কর্শাকড়িয়াইল
22,162,দানাপাটুলী
22,163,আদমপুর
22,163,অষ্টগ্রাম
22,163,বাংগালপাড়া
22,163,দেওঘর
22,163,কলমা
22,163,কাস্তুল
22,163,খয়েরপুর-আব্দুল্লাপুর
22,163,পূর্ব অষ্টগ্রাম
22,164,রায়টুটি
22,164,ধনপুর
22,164,মৃগা
22,164,ইটনা
22,164,বড়িবাড়ী
22,164,বাদলা
22,164,এলংজুড়ি
22,164,জয়সিদ্ধি
22,164,চৌগাংগা
22,165,কাদিরজঙ্গল
22,165,গুজাদিয়া
22,165,কিরাটন
22,165,বারঘরিয়া
22,165,নিয়ামতপুর
22,165,দেহুন্দা
22,165,সুতারপাড়া
22,165,গুনধর
22,165,জয়কা
22,165,জাফরাবাদ
22,165,নোয়াবাদ
22,166,বনগ্রাম
22,166,সহশ্রাম ধুলদিয়া
22,166,করগাঁও
22,166,চান্দপুর
22,166,মুমুরদিয়া
22,166,আচমিতা
22,166,মসূয়া
22,166,লোহাজুরী
22,166,জালালপুর
22,167,উছমানপুর
22,167,রামদী
22,167,গোবরিয়া আব্দুল্লাহপুর
22,167,সালুয়া
22,167,ছয়সূতি
22,167,ফরিদপুর
22,168,তালজাঙ্গা
22,168,রাউতি
22,168,ধলা
22,168,জাওয়ার
22,168,দামিহা
22,168,দিগদাইড়
22,168,তাড়াইল-সাচাইল
22,169,নিকলী
22,169,দামপাড়া
22,169,কারপাশা
22,169,সিংপুর
22,169,জারইতলা
22,169,গুরুই
22,169,ছাতিরচর
22,170,জাঙ্গালিয়া
22,170,চন্ডিপাশা
22,170,চরফরাদি
22,170,এগারসিন্দুর
22,170,হোসেন্দী
22,170,বুরুদিয়া
22,170,নারান্দী
22,170,পাটুয়াভাঙ্গা
22,170,সুখিয়া
22,171,মাইজচর
22,171,দিলালপুর
22,171,গাজীরচর
22,171,হুমায়ুনপুর
22,171,দিঘীরপাড়
22,171,হালিমপুর
22,171,সরারচর
22,171,বলিয়ার্দী
22,171,হিলচিয়া
22,171,কৈলাগ
22,171,পিরিজপুর
22,172,আগানগর
22,172,কালিকাপ্রাসাদ
22,172,গজারিয়া
22,172,শিবপুর
22,172,শিমুলকান্দি
22,172,শ্রীনগর
22,172,সাদেকপুর
22,173,গোপদিঘী
22,173,মিঠামইন
22,173,ঘাগড়া
22,173,ঢাকী
22,173,কেওয়ারজোর
22,173,কাটখাল
22,173,বৈরাটি
22,174,গোবিন্দপুর
22,174,সিদলা
22,174,জিনারী
22,174,আড়াইবাড়ীয়া
22,174,শাহেদল
22,174,পুমদী
23,175,ফুলবাড়ীয়া
23,175,চাপাইর
23,175,বোয়ালী
23,175,মৌচাক
23,175,শ্রীফলতলী
23,175,সূত্রাপুর
23,175,আটাবহ
23,175,মধ্যপাড়া
23,175,ঢালজোড়া
23,20,তুমুলিয়া
23,20,মোক্তারপুর
23,20,নাগরী
23,20,বক্তারপুর
23,20,জাঙ্গালিয়া
23,20,বাহাদুরশাদী
23,20,জামালপুর
23,176,কাপাসিয়া
23,176,তরগাঁও
23,176,রায়েদ
23,176,সিংহশ্রী
23,176,বারিষাব
23,176,টোক
23,176,কড়িহাতা
23,176,সন্মানিয়া
23,176,ঘাগটিয়া
23,176,দূর্গাপুর
23,176,চাদঁপুর
23,177,মির্জাপুর
23,177,কাউলতিয়া
23,177,ভাওয়াল গড়
23,177,পিরুজালী
23,177,বাড়ীয়া
23,41,মাওনা
23,41,গাজীপুর
23,41,তেলিহাটী
23,41,বরমী
23,41,কাওরাইদ
23,41,গোসিংগা
23,41,রাজাবাড়ী
23,41,প্রহলাদপুর
24,178,জালালাবাদ
24,178,বৌলতলী
24,178,শুকতাইল
24,178,চন্দ্রদিঘলিয়া
24,178,গোপীনাথপুর
24,178,পাইককান্দি
24,178,উরফি
24,178,লতিফপুর
24,178,সাতপাড়
24,178,সাহাপুর
24,178,হরিদাসপুর
24,178,উলপুর
24,178,নিজড়া
24,178,করপাড়া
24,178,দুর্গাপুর
24,178,কাজুলিয়া
24,178,কাঠি
24,178,মাঝিগাতী
24,178,রঘুনাথপুর
24,178,গোবরা
24,178,বোড়াশী
24,179,মুকসুদপুর
24,179,পশারগাতি
24,179,গোবিন্দপুর
24,179,খান্দারপাড়
24,179,বহুগ্রাম
24,179,বাঁশবাড়িয়া
24,179,ভাবড়াশুর
24,179,মহারাজপুর
24,179,বাটিকামারী
24,179,দিগনগর
24,179,রাঘদী
24,179,গোহালা
24,179,মোচনা
24,179,উজানী
24,179,কাশালিয়া
24,179,ননীক্ষীর
24,179,জলিরপাড়
24,180,মহেশপুর
24,180,কাশিয়ানী
24,180,সাজাইল
24,180,পারুলীয়া
24,180,মাহমুদপুর
24,180,রাতইল
24,180,ওড়াকান্দি
24,180,বেথুড়ি
24,180,রাজপাট
24,180,ফুকরা
24,180,পুইশুর
24,180,নিজামকান্দি
24,180,সিংগা
24,180,হাতিয়াড়া
24,181,বান্ধাবাড়ী
24,181,সাদুল্লাপুর
24,181,রাধাগঞ্জ
24,181,কলাবাড়ী
24,181,রামশীল
24,181,আমতলী
24,181,কান্দি
24,181,হিরণ
24,181,পিঞ্জুরী
24,181,শুয়াগ্রাম
24,181,কুশলা
24,182,পাটগাতি
24,182,ডুমুরিয়া
24,182,গোপালপুর
24,182,কুশলী
24,182,বর্ণী
25,183,করটিয়া
25,183,ঘারিন্দা
25,183,গালা
25,183,পোড়াবাড়ী
25,183,ছিলিমপুর
25,183,কাকুয়া
25,183,কাতুলী
25,183,মগড়া
25,183,মাহমুদনগর
25,183,হুগড়া
25,183,দাইন্যা
25,183,বাঘিল
25,184,কোকডহড়া
25,184,গোহালিয়াবাড়ী
25,184,দশকিয়া
25,184,দুর্গাপুর
25,184,নাগবাড়ী
25,184,নারান্দিয়া
25,184,পাইকড়া
25,184,পারখি
25,184,বল্লা
25,184,বাংড়া
25,184,বীরবাসিন্দা
25,184,সল্লা
25,184,সহদেবপুর
25,185,দেউলাবাড়ী
25,185,ঘাটাইল
25,185,জামুরিয়া
25,185,দিগড়
25,185,দিঘলকান্দি
25,185,আনেহলা
25,185,দেওপাড়া
25,185,ধলাপাড়া
25,185,সন্ধানপুর
25,185,লোকেরপাড়া
25,185,রসুলপুর
25,185,সংগ্রামপুর
25,185,লক্ষিন্দর
25,185,সাগরদিঘী
25,186,কাউলজানী
25,186,কাঞ্চনপুর
25,186,কাশিল
25,186,ফুলকী
25,186,বাসাইল
25,186,হাবলা
25,187,হাদিরা
25,187,নগদা শিমলা
25,187,ঝাওয়াইল
25,187,হেমনগর
25,187,আলমনগর
25,187,মির্জাপুর
25,187,ধোপাকান্দি
25,188,মহেড়া
25,188,ফতেপুর
25,188,জামুর্কী
25,188,বানাইল
25,188,আনাইতারা
25,188,ভাতগ্রাম
25,188,ওয়ার্শী
25,188,বহুরিয়া
25,188,গোড়াই
25,188,তরফপুর
25,188,আজগানা
25,188,বাঁশতৈল
25,188,লতিফপুর
25,188,ভাওড়া
25,189,ফলদা
25,189,অর্জুনা
25,189,গাবসারা
25,189,গোবিন্দাসী
25,189,অলোয়া
25,189,নিকরাইল
25,190,নাগরপুর
25,190,ভাররা
25,190,সহবতপুর
25,190,গয়হাটা
25,190,বেকড়া
25,190,সলিমাবাদ
25,190,ধুবরিয়া
25,190,ভাদ্রা
25,190,দপ্তিয়র
25,190,মামুদনগর
25,190,পাকুটিয়া
25,190,মোকনা
25,191,আলোকদিয়া
25,191,অরণখোলা
25,191,আউশনারা
25,191,গোলাবাড়ী
25,191,মির্জাবাড়ী
25,191,শোলাকুড়ী
25,192,কাকড়াজান
25,192,কালমেঘা
25,192,কালিয়া
25,192,গজারিয়া
25,192,দাড়িয়াপুর
25,192,বহেড়াতৈল
25,192,যাদবপুর
25,192,হাতীবান্ধা
25,193,আটিয়া
25,193,ডুবাইল
25,193,ফাজিলহাটি
25,193,পাথরাইল
25,193,লাউহা্টী
25,193,দেলদুয়ার
25,193,দেউলী
25,193,এলাসিন
25,194,বীরতারা
25,194,বানিয়াজান
25,194,পাইস্কা
25,194,ধোপাখালী
25,194,যদুনাথপুর
25,194,মুশুদ্দি
25,194,বলিভদ্র
26,195,শ্যামপুর
26,195,দনিয়া
26,195,মাতুয়াইল
26,195,ডেমরা
26,195,সারুলিয়া
26,195,মান্ডা
26,195,দক্ষিণগাঁও
26,195,নাসিরাবাদ
26,195,বাড্ডা
26,195,ভাটারা
26,195,সাঁতারকুল
26,195,বেড়াইদ
26,195,দক্ষিণখান
26,195,উত্তরখান
26,195,ডুমনী
26,195,হরিরামপুর
26,195,সুলতানগঞ্জ
26,196,কুসুমহাটি
26,196,নয়াবাড়ি
26,196,রাইপাড়া
26,196,মাহমুদপুর
26,196,সুতারপাড়া
26,196,নারিশা
26,196,মুকসুদপুর
26,197,আগলা
26,197,কলাকোপা
26,197,কৈলাইল
26,197,গালিমপুর
26,197,চুড়াইন
26,197,জয়কৃষ্ণপুর
26,197,নয়নশ্রী
26,197,বক্সনগর
26,197,বারুয়াখালী
26,197,বাহ্রা
26,197,বান্দুরা
26,197,যন্ত্রাইল
26,197,শিকারীপাড়া
26,197,শোল্লা
26,198,হযরতপুর
26,198,কলাতিয়া
26,198,তারানগর
26,198,শাক্তা
26,198,জিনজিরা
26,198,রোহিতপুর
26,198,বাস্তা
26,198,কালিন্দী
26,198,শুভাঢ্যা
26,198,তেঘরিয়া
26,198,কোণ্ডা
26,198,আগানগর
26,199,শিমুলিয়া
26,199,ধামসোনা
26,199,পাথালিয়া
26,199,ইয়ারপুর
26,199,আশুলিয়া
26,199,সাভার
26,199,বিরুলিয়া
26,199,বনগাঁও
26,199,তেঁতুলঝোড়া
26,199,ভাকুর্তা
26,199,আমিনবাজার
26,199,কাউন্দিয়া
26,200,আমতা
26,200,কুশুরা
26,200,গাংগুটিয়া
26,200,সূতিপাড়া
26,200,ভাড়ারিয়া
26,200,ধামরাই
26,200,বালিয়া
26,200,নান্নার
26,200,কুল্লা
26,200,যাদবপুর
26,200,সূয়াপুর
26,200,সানোড়া
26,200,চৌহাট
26,200,বাইশাকান্দা
26,200,সোমভাগ
26,200,রোয়াইল
27,201,চিনিশপুর
27,201,হাজীপুর
27,201,শিলমান্দি
27,201,মেহের পাড়া
27,201,পাঁচদোনা
27,201,আমাদিয়া
27,201,নূরালাপুর
27,201,কাঁঠালিয়া
27,201,পাইকারচর
27,201,মহিষাশুরা
27,201,করিমপুর
27,201,নজরপুর
27,201,আলোকবালী
27,201,চরদিঘলদী
27,202,মরজাল
27,202,রায়পুরা
27,202,চান্দেরকান্দি
27,202,অলিপুরা
27,202,উত্তর বাখরনগর
27,202,মির্জাপুর
27,202,রাধানগর
27,202,মুছাপুর
27,202,মহেশপুর
27,202,বাঁশগাড়ি
27,202,চর আড়ালিয়া
27,202,পলাশতলী
27,202,পাড়াতলী
27,202,আমিরগঞ্জ
27,202,আদিয়াবাদ
27,202,চরসুবুদ্ধি
27,202,হাইরমারা
27,202,শ্রীনগর
27,202,ডৌকারচর
27,202,মির্জানগর
27,202,চরমুধুয়া
27,202,নিলক্ষ্যা
27,202,চানপুর
27,202,মির্জারচর
27,203,আমলাব
27,203,চরউজিলাব
27,203,বাজনাব
27,203,বেলাব
27,203,বিন্নাবাইদ
27,203,নারায়ণপুর
27,203,পাটুলী
27,203,সাল্লাবাদ
27,204,চরসিন্দুর
27,204,জিনারদী
27,204,গজারিয়া
27,204,ডাঙ্গা
27,205,চালাকচর
27,205,বড়চাপা
27,205,কৃষ্ণপুর
27,205,খিদিরপুর
27,205,লেবুতলা
27,205,কাচিকাটাঁ
27,205,গোতাশিয়া
27,205,চন্দনবাড়ী
27,205,শুকুন্দি
27,205,একদুরিয়া
27,205,চরমান্দালিয়া
27,205,দৌলতপুর
27,206,জয়নগর
27,206,যোশর
27,206,বাঘাব
27,206,আয়ুবপুর
27,206,চক্রধা
27,206,মাছিমপুর
27,206,পুটিয়া
27,206,সাধারচর
27,206,দুলালপুর
28,207,আলীরটেক
28,207,কুতুবপুর
28,207,বক্তাবলী
28,207,ফতুল্লা
28,207,কাশীপুর
28,207,গোগনগর
28,207,এনায়েতনগর
28,208,কলাগাছিয়া
28,208,বন্দর
28,208,মুছাপুর
28,208,ধামগড়
28,208,মদনপুর
28,209,সাতগ্রাম
28,209,দুপ্তারা
28,209,ব্রাক্ষন্দী
28,209,ফতেপুর
28,209,বিশনন্দী
28,209,মাহমুদপুর
28,209,হাইজাদী
28,209,উচিৎপুরা
28,209,খাদকান্দা
28,209,কালাপাহাড়িয়া
28,210,ভোলাব
28,210,মুড়াপাড়া
28,210,ভুলতা
28,210,গোলাকান্দাইল
28,210,দাউদপুর
28,210,রূপগঞ্জ
28,210,কায়েতপাড়া
28,211,বৈদ্যেরবাজার
28,211,বারদী
28,211,নোয়াগাঁও
28,211,জামপুর
28,211,সাদিপুর
28,211,কাঁচপুর
28,211,সনমান্দি
28,211,মোগরাপাড়া
28,211,পিরোজপুর
28,211,শম্ভুপুরা
29,212,ঈশান গোপালপুর
29,212,চরমাধবদিয়া
29,212,নর্থচ্যানেল
29,212,আলিয়াবাদ
29,212,ডিক্রীরচর
29,212,মাচ্চর
29,212,অম্বিকাপুর
29,212,কৃষ্ণনগর
29,212,কানাইপুর
29,212,কৈজুরী
29,212,গেরদা
29,213,ঘোষপুর
29,213,সাতৈর
29,213,চাঁদপুর
29,213,দাদপুর
29,213,বোয়ালমারী
29,213,চতুল
29,213,পরমেশ্বরদী
29,213,শেখর
29,213,রূপাপাত
29,213,ময়না
29,213,গুনবহা
29,214,আলফাডাঙা
29,214,গোপালপুর
29,214,টগরবন্দ
29,214,পাঁচুরিয়া
29,214,বানা
29,214,বুড়াইচ
29,215,গাজনা
29,215,নওপাড়া
29,215,বাগাট
29,215,মেগচামী
29,215,কামারখালী
29,215,জাহাপুর
29,215,রায়পুর
29,215,ডুমাইন
29,215,আড়পাড়া
29,215,কোরকদি
29,215,কামালদিয়া
29,216,মানিকদহ
29,216,হামিরদী
29,216,নুরুল্যাগঞ্জ
29,216,চান্দ্রা
29,216,ভাঙ্গা
29,216,কালামৃধা
29,216,আজিমনগর
29,216,তুজারপুর
29,216,নাছিরাবাদ
29,216,ঘারুয়া
29,216,কাউলিবেড়া
29,216,চুমুরদী
29,216,আলগী
29,217,চরযশোরদী
29,217,পুরাপাড়া
29,217,কোদালিয়া শহীদনগর
29,217,কাইচাইল
29,217,ফুলসুতি
29,217,তালমা
29,217,রামনগর
29,217,ডাঙ্গী
29,217,লস্করদিয়া
29,218,চরভদ্রাসন
29,218,চরহরিরামপুর
29,218,গাজীরটেক
29,218,চরঝাউকান্দা
29,219,চর বিষ্ণুপুর
29,219,আকটেরচর
29,219,নারিকেলবাড়িয়া
29,219,চর নাছিরপুর
29,219,ভাষাণচর
29,219,কৃষ্ণপুর
29,219,সদরপুর
29,219,চর মানাইর
29,219,ঢেউখালী
29,220,ভাওয়াল
29,220,আটঘর
29,220,মাঝারদিয়া
29,220,বল্লভদী
29,220,গট্টি
29,220,যদুনন্দী
29,220,রামকান্তপুর
29,220,সোনাপুর
30,221,শিরখাড়া
30,221,বাহাদুরপুর
30,221,কুনিয়া
30,221,পেয়ারপুর
30,221,ধুরাইল
30,221,রাস্তি
30,221,পাঁচখোলা
30,221,খোয়াজপুর
30,221,ঝাউদী
30,221,ঘটমাঝি
30,221,কেন্দুয়া
30,221,মস্তফাপুর
30,221,কালিকাপুর
30,221,ছিলারচর
30,221,দুধখালী
30,222,দত্তপাড়া
30,222,দ্বিতীয়খন্ড
30,222,শিবচর
30,222,নিলখী
30,222,বন্দরখোলা
30,222,চরজানাজাত
30,222,মাদবরেরচর
30,222,পাঁচ্চর
30,222,সন্যাসিরচর
30,222,কাঁঠালবাড়ী
30,222,কুতুবপুর
30,222,কাদিরপুর
30,222,ভান্ডারীকান্দি
30,222,বহেরাতলা দক্ষিণ
30,222,বহেরাতলা উত্তর
30,222,বাঁশকান্দি
30,222,উমেদপুর
30,222,ভদ্রাসন
30,222,শিরুয়াইল
30,223,আলীনগর
30,223,এনায়েতনগর
30,223,শিকারমঙ্গল
30,223,সাহেবরামপুর
30,223,রমজানপুর
30,223,কয়ারিয়া
30,223,বাঁশগাড়ী
30,223,লক্ষীপুর
30,223,চরদৌলতখান
30,223,পূর্ব এনায়েতনগর
30,224,আমগ্রাম
30,224,বদরপাশা
30,224,বাজিতপুর
30,224,হরিদাসদী-মহেন্দ্রদী
30,224,হোসেনপুর
30,224,ইশিবপুর
30,224,কবিরাজপুর
30,224,কদমবাড়ী
30,224,খালিয়া
30,224,পাইকপাড়া
30,224,রাজৈর
30,225,গোপালপুর
30,225,কাজীবাকাই
30,225,বালিগ্রাম
30,225,ডাসার
30,225,নবগ্রাম
31,226,ঘিওর
31,226,নালী
31,226,পয়লা
31,226,বড়টিয়া
31,226,বানিয়াজুড়ী
31,226,বালিয়াখোড়া
31,226,সিংজুড়ী
31,4,চকমিরপুর
31,4,কলিয়া
31,4,বাচামারা
31,4,বাঘুটিয়া
31,4,জিয়নপুর
31,4,খলশী
31,4,ধামশ্বর
31,4,চরকাটারী
31,227,আটিগ্রাম
31,227,কৃষ্ণপুর
31,227,গড়পাড়া
31,227,জাগীর
31,227,দিঘী
31,227,নবগ্রাম
31,227,পুটাইল
31,227,বেতিলা মিতরা
31,227,ভাড়ারিয়া
31,227,হাটিপাড়া
31,228,উলাইল
31,228,তেওতা
31,228,শিবালয়
31,228,মহাদেবপুর
31,228,আরুয়া
31,228,উথলী
31,228,শিমুলিয়া
31,229,সাটুরিয়া
31,229,বালিয়াটি
31,229,বরাইদ
31,229,দড়গ্রাম
31,229,দিঘুলিয়া
31,229,ধানকোড়া
31,229,ফুকুরহাটি
31,229,হরগজ
31,229,তিল্লী
31,230,বায়রা
31,230,তালেবপুর
31,230,সিঙ্গাইর
31,230,বলধারা
31,230,জামশা
31,230,চারিগ্রাম
31,230,শায়েস্তা
31,230,জয়মন্টপ
31,230,ধল্লা
31,230,জামির্তা
31,230,চান্দহর
31,231,চালা
31,231,বয়ড়া
31,231,কাঞ্চনপুর
31,231,ধূলশুড়া
31,231,রামকৃষ্ণপুর
31,231,আজিমনগর
31,231,বলড়া
31,231,লেছড়াগঞ্জ
31,231,গোপীনাথপুর
31,231,সুতালড়ী
31,231,গালা
31,231,হারুকান্দি
31,231,বাল্লা
32,232,শিলই
32,232,আধারা
32,232,বাংলাবাজার
32,232,পঞ্চসার
32,232,রামপাল
32,232,বজ্রযোগীনি
32,232,চরকেওয়ার
32,232,মোল্লাকান্দি
32,232,মহাকালি
32,233,ধীপুর
32,233,পাঁচগাও
32,233,কাঠাদিয়া-শিমুলিয়া
32,233,সোনারং-টংগিবাড়ী
32,233,বেতকা
32,233,আব্দুল্লাপুর
32,233,যশলং
32,233,কামারখাড়া
32,233,দিঘিরপাড়
32,233,হাসাইল-বানারী
32,233,আউটশাহী
32,233,আড়িয়ল
32,233,বালিগাঁও
32,234,শ্রীনগর
32,234,শ্যামসিদ্ধি
32,234,ষোলঘর
32,234,কুকুটিয়া
32,234,তন্তর
32,234,আটপাড়া
32,234,রাঢ়ীখাল
32,234,ভাগ্যকুল
32,234,বাঘড়া
32,234,কোলাপাড়া
32,234,পাটাভোগ
32,234,হাসাড়া
32,234,বীরতারা
32,234,বাড়ৈখালী
32,235,মেদিনীমন্ডল
32,235,খিদিরপাড়া
32,235,বৌলতলী
32,235,কলমা
32,235,গাওদিয়া
32,235,বেজগাঁও
32,235,কনকসার
32,235,লৌহজং-তেউটিয়া
32,235,কুমারভোগ
32,235,হলদিয়া
32,236,টেংগারচর
32,236,বালুয়াকান্দি
32,236,ভবেরচর
32,236,বাউশিয়া
32,236,গজারিয়া
32,236,হোসেন্দী
32,236,ইমামপুর
32,236,গুয়াগাছিয়া
32,237,চিত্রকোট
32,237,শেখর নগর
32,237,রাজানগর
32,237,কেয়াইন
32,237,বাসাইল
32,237,রশুনিয়া
32,237,লতব্দী
32,237,বালুচর
32,237,ইছাপুরা
32,237,বয়রাগাদি
32,237,মালখানগর
32,237,মধ্যপাড়া
32,237,জৈনসার
32,237,কোলা
33,238,মিজানপুর
33,238,দাদশী
33,238,শহীদ ওহাবপুর
33,238,বসন্তপুর
33,238,খানখানাপুর
33,238,আলীপুর
33,238,খানগঞ্জ
33,238,চন্দনী
33,238,রামকান্তপুর
33,238,বানীবহ
33,238,মূলঘর
33,238,বরাট
33,238,পাঁচুরিয়া
33,238,সুলতানপুর
33,239,দৌলতদিয়া
33,239,দেবগ্রাম
33,239,ছোটভাকলা
33,239,উজানচর
33,240,হাবাসপুর
33,240,বাহাদুরপুর
33,240,যশাই
33,240,বাবুপাড়া
33,240,মাছপাড়া
33,240,কলিমহর
33,240,সরিষা
33,240,কসবামাজাইল
33,240,মৌরাট
33,240,পাট্টা
33,241,জামালপুর
33,241,বহরপুর
33,241,ইসলামপুর
33,241,নবাবপুর
33,241,জঙ্গল
33,241,নারুয়া
33,241,বালিয়াকান্দি
33,242,রতনদিয়া
33,242,কালিকাপুর
33,242,বোয়ালিয়া
33,242,মাজবাড়ী
33,242,মদাপুর
33,242,মৃগী
33,242,সাওরাইল
34,243,জাজিরা
34,243,বিলাসপুর
34,243,কুন্ডেরচর
34,243,পালেরচর
34,243,বড়কান্দি
34,243,সেনেরচর
34,243,জয়নগর
34,243,বিকেনগর
34,243,বড়গোপালপুর
34,243,নাওডোবা
34,243,পূর্ব নাওডোবা
34,243,মূলনা
34,244,পালং
34,244,তুলাসার
34,244,আংগারিয়া
34,244,রুদ্রকর
34,244,বিনোদপুর
34,244,চন্দ্রপুর
34,244,মাহমুদপুর
34,244,চিকন্দী
34,244,ডোমসার
34,244,শৌলপাড়া
34,244,চিতলীয়া
34,245,সামন্তসার
34,245,নাগেরপাড়া
34,245,ইদিলপুর
34,245,গোসাইরহাট
34,245,কোদালপুর
34,245,নলমুড়ি
34,245,আলাওলপুর
34,245,কুচাইপট্টি
34,246,কনেশ্বর
34,246,ধানকাঠি
34,246,সিড্যা
34,246,দারুল আমান
34,246,ইসলামপুর
34,246,শিধলকুড়া
34,246,পূর্ব ডামুড্যা
34,247,আর্শিনগর
34,247,কচিকাটা
34,247,চরকুমারিয়া
34,247,চরভাগা
34,247,চরসেনসাস
34,247,ছয়গাঁও
34,247,উত্তর তারাবুনিয়া
34,247,দক্ষিণ তারাবুনিয়া
34,247,দিগার মহিষখালী
34,247,নারায়ণপুর
34,247,মহিষার
34,247,রামভদ্রপুর
34,247,সখিপুর
34,248,মোত্তারেরচর
34,248,রাজনগর
34,248,নশাসন
34,248,ভােজেশ্বর
34,248,জপসা
34,248,ফতেজংপুর
34,248,বিঝারি
34,248,ভূমখাড়া
34,248,ডিংগামানিক
34,248,কেদারপুর
34,248,চরআত্রা
34,248,নওপাড়া
34,248,ঘড়িষার
34,248,চামটা
35,249,রায়পাশা কড়াপুর
35,249,কাশীপুর
35,249,চর বাড়িয়া
35,249,সায়েস্তাবাদ
35,249,চর মোনাই
35,249,জাগুয়া
35,249,চরকাউয়া
35,249,চাঁদপুরা
35,249,টুঙ্গীবাড়িয়া
35,249,চন্দ্রমোহন
35,250,খাঞ্জাপুর
35,250,বার্থী
35,250,চাঁদশী
35,250,নলচিড়া
35,250,মাহিলাড়া
35,250,বাটাজোর
35,250,সরিকল
35,251,বাটামারা
35,251,নাজিরপুর
35,251,সফিপুর
35,251,গাছুয়া
35,251,চরকালেখা
35,251,মুলাদী
35,251,কাজিরচর
35,252,আন্ধারমানিক
35,252,লতা
35,252,চরএককরিয়া
35,252,উলানিয়া
35,252,মেহেন্দিগঞ্জ
35,252,বিদ্যানন্দপুর
35,252,ভাষাণচর
35,252,চরগোপালপুর
35,252,জাঙ্গালিয়া
35,252,আলিমাবাদ
35,252,চানপুর
35,252,দড়িরচর খাজুরিয়া
35,252,গোবিন্দপুর
35,252,"শ্রীপুর,"
35,253,জাহাঙ্গীরনগর
35,253,কেদারপুর
35,253,দেহেরগতি
35,253,চাঁদপাশা
35,253,রহমতপুর
35,253,মাধবপাশা
35,254,বড়জালিয়া
35,254,গুয়াবাড়িয়া
35,254,ধুলখোলা
35,254,হিজলা গৌরাব্দি
35,254,মেমানিয়া
35,254,হরিনাথপুর
35,255,সাতলা
35,255,হারতা
35,255,জল্লা
35,255,ওটরা
35,255,শোলক
35,255,বরাকোঠা
35,255,বামরাইল
35,255,শিকারপুর উজিরপুর
35,255,গুঠিয়া
35,256,চরামদ্দি
35,256,চরাদি
35,256,দাড়িয়াল
35,256,দুধল
35,256,দুর্গাপাশা
35,256,ফরিদপুর
35,256,কবাই
35,256,নলুয়া
35,256,কলসকাঠী
35,256,গারুড়িয়া
35,256,ভরপাশা
35,256,রঙ্গশ্রী
35,256,পাদ্রিশিবপুর
35,256,নিয়ামতি
35,257,রাজিহার
35,257,বাকাল
35,257,বাগধা
35,257,গৈলা
35,257,রত্নপুর
35,258,বিশারকান্দি
35,258,ইলুহার
35,258,সৈয়দকাঠী
35,258,চাখার
35,258,সলিয়াবাকপুর
35,258,বাইশারী
35,258,বানারীপাড়া
35,258,উদয়কাঠী
36,259,রাজাপুর
36,259,ইলিশা
36,259,পশ্চিম ইলিশা
36,259,কাচিয়া
36,259,বাপ্তা
36,259,ধনিয়া
36,259,শিবপুর
36,259,আলীনগর
36,259,চরসামাইয়া
36,259,ভেলুমিয়া
36,259,ভেদুরিয়া
36,259,উত্তর দিঘলদী
36,259,দক্ষিণ দিঘলদী
36,260,গংগাপুর
36,260,সাচড়া
36,260,কাচিয়া
36,260,হাসাননগর
36,260,টবগী
36,260,পক্ষিয়া
36,260,বড় মানিকা
36,260,কুতুবা
36,260,দেউলা
36,261,হাজীপুর
36,261,মদনপুর
36,261,মেদুয়া
36,261,উত্তর জয়নগর
36,261,দক্ষিণ জয়নগর
36,261,চরখলিফা
36,261,সৈয়দপুর
36,261,ভবানীপুর
36,261,চরপাতা
36,262,বদরপুর
36,262,কালমা
36,262,চরভূতা
36,262,লালমোহন
36,262,ফরাজগঞ্জ
36,262,পশ্চিম চরউমেদ
36,262,রমাগঞ্জ
36,262,লর্ড হার্ডিঞ্জ
36,262,ধলী গৌরনগর
36,263,চাঁদপুর
36,263,সোনাপুর
36,263,শম্ভুপুর
36,263,বড় মলংচড়া
36,264,আছলামপুর
36,264,চরমাদ্রাজ
36,264,জিন্নাগড়
36,264,নীলকমল
36,264,নুরাবাদ
36,264,চরকলমী
36,264,চরমানিকা
36,264,হাজারীগঞ্জ
36,264,রসুলপুর
36,264,কুকরী মুকরী
36,264,এওয়াজপুর
36,264,আমিনাবাদ
36,264,জাহানপুর
36,264,আবুবকরপুর
36,264,ওমরপুর
36,264,ওসমানগঞ্জ
36,264,আব্দুল্লাহপুর
36,264,আহম্মদপুর
36,264,নজরুলনগর
36,264,ঢালচর
36,264,মুজিবনগর
36,265,মনপুরা
36,265,হাজিরহাট
36,265,সাকুচিয়া উত্তর
36,265,সাকুচিয়া দক্ষিণ
37,266,গাভা রামচন্দ্রপুর
37,266,বিনয়কাঠি
37,266,নবগ্রাম
37,266,কেওড়া
37,266,কীর্তিপাশা
37,266,বাসণ্ডা
37,266,পোনাবালিয়া
37,266,গাবখান ধানসিঁড়ি
37,266,শেখেরহাট
37,266,নথুল্লাবাদ
37,267,চেঁচরী রামপুর
37,267,পাটিখালঘাটা
37,267,আমুয়া
37,267,কাঁঠালিয়া
37,267,শৌলজালিয়া
37,267,আওরাবুনিয়া
37,268,ভৈরবপাশা
37,268,মগর
37,268,কুলকাঠি
37,268,রানাপাশা
37,268,সুবিদপুর
37,268,কুশঙ্গল
37,268,সিদ্ধকাঠি
37,268,দপদপিয়া
37,268,নাচনমহল
37,268,মোল্লারহাট
37,269,সাতুরিয়া
37,269,শুক্তাগড়
37,269,রাজাপুর
37,269,গালুয়া
37,269,বড়ইয়া
37,269,মঠবাড়ী
38,270,আউলিয়াপুর
38,270,ইটবাড়িয়া
38,270,কমলাপুর
38,270,কালিকাপুর
38,270,ছোট বিঘাই
38,270,জৈনকাঠি
38,270,বদরপুর
38,270,বড় বিঘাই
38,270,মরিচবুনিয়া
38,270,মাদারবুনিয়া
38,270,লাউকাঠি
38,270,লোহালিয়া
38,271,আংগারিয়া
38,271,পাংগাশিয়া
38,271,মুরাদিয়া
38,271,লেবুখালী
38,271,শ্রীরামপুর
38,272,আমড়াগাছিয়া
38,272,কাঁকড়াবুনিয়া
38,272,দেউলী সুবিদখালী
38,272,মজিদবাড়িয়া
38,272,মাধবখালী
38,272,মির্জাগঞ্জ
38,273,আলীপুর
38,273,চর বোরহান
38,273,দশমিনা
38,273,বহরমপুর
38,273,বাঁশবাড়িয়া
38,273,বেতাগী সানকিপুর
38,273,রণগোপালদী
38,274,আদাবাড়িয়া
38,274,কনকদিয়া
38,274,কাছিপাড়া
38,274,কালাইয়া
38,274,কালিশুরী
38,274,কেশবপুর
38,274,চন্দ্রদ্বীপ
38,274,দাশপাড়া
38,274,ধুলিয়া
38,274,নওমালা
38,274,নাজিরপুর
38,274,বগা
38,274,বাউফল
38,274,মদনপুরা
38,274,সূর্য্যমনি
38,275,চম্পাপুর
38,275,চাকামইয়া
38,275,"টিয়াখালী,ধানখালী"
38,275,নীলগঞ্জ
38,275,বালিয়াতলী
38,275,মিঠাগঞ্জ
38,275,লালুয়া
38,275,ডালবুগঞ্জ
38,275,ধুলাসার
38,275,মহিপুর
38,275,লতাচাপলী
38,276,আমখোলা
38,276,কলাগাছিয়া
38,276,গজালিয়া
38,276,গলাচিপা
38,276,গোলখালী
38,276,চর কাজল
38,276,চর বিশ্বাস
38,276,চিকনিকান্দি
38,276,ডাকুয়া
38,276,পানপট্টি
38,276,বকুলবাড়িয়া
38,276,রতনদী তালতলী
38,277,রাঙ্গাবালী
38,277,ছোট বাইশদিয়া
38,277,বড় বাইশদিয়া
38,277,চালিতাবুনিয়া
38,277,চর মোন্তাজ
39,278,ভিটাবাড়িয়া
39,278,নদমূলা শিয়ালকাঠী
39,278,তেলিখালী
39,278,ইকড়ী
39,278,ধাওয়া
39,278,ভাণ্ডারিয়া সদর
39,278,গৌরীপুর
39,108,সয়না রঘুনাথপুর
39,108,আমড়াজুড়ি
39,108,কাউখালী সদর
39,108,চিরাপাড়া
39,108,শিয়ালকাঠী
39,279,তুষখালী
39,279,ধানীসাফা
39,279,মিরুখালী
39,279,দাউদখালী
39,279,মঠবাড়িয়া
39,279,টিকিকাটা
39,279,বেতমোর রাজপাড়া
39,279,আমড়াগাছিয়া
39,279,শাপলেজা
39,279,হলতা গুলিশাখালী
39,279,বড় মাছুয়া
39,280,মাটিভাঙ্গা
39,280,মালিখালী
39,280,দেউলবাড়ী দোবড়া
39,280,দীর্ঘা
39,280,শাখারীকাঠী
39,280,নাজিরপুর সদর
39,280,সেখমাটিয়া
39,280,শ্রীরামকাঠী
39,280,কলারদোয়ানিয়া
39,281,শিকদার মল্লিক
39,281,কদমতলা
39,281,দুর্গাপুর
39,281,কলাখালী
39,281,টোনা
39,281,শরিকতলা
39,281,শংকরপাশা
39,282,বলদিয়া
39,282,সোহাগদল
39,282,স্বরূপকাঠী
39,282,আটঘর কুড়িয়ানা
39,282,জলাবাড়ী
39,282,দৈহারী
39,282,গুয়ারেখা
39,282,সমুদয়কাঠী
39,282,সুটিয়াকাঠী
39,282,সারেংকাঠী
39,283,পাড়েরহাট
39,283,পত্তাশি
39,283,বালিপাড়া
40,284,আয়লা পাতাকাটা
40,284,এম বালিয়াতলী
40,284,কেওড়াবুনিয়া
40,284,গৌরিচন্না
40,284,ঢলুয়া
40,284,নলটোনা
40,284,ফুলঝুড়ি
40,284,বদরখালী
40,284,বরগুনা সদর
40,284,বরগুনা
40,284,বুড়িরচর
40,285,আমতলী
40,285,আঠারগাছিয়া
40,285,আড়পাঙ্গাশিয়া
40,285,কুকুয়া
40,285,গুলিশাখালী
40,285,চাওড়া
40,285,হলদিয়া
40,286,কাজিরাবাদ
40,286,বিবিচিনি
40,286,বুড়া মজুমদার
40,286,বেতাগী
40,286,মোকামিয়া
40,286,সরিষামুড়ি
40,286,হোসনাবাদ
40,287,ডৌয়াতলা
40,287,বামনা
40,287,বুকাবুনিয়া
40,287,রামনা
40,288,কাকচিড়া
40,288,কাঁঠালতলী
40,288,কালমেঘা
40,288,চর দুয়ানী
40,288,নাচনাপাড়া
40,288,পাথরঘাটা
40,288,রায়হানপুর
40,289,কড়ইবাড়িয়া
40,289,ছোট বগি
40,289,নিশানবাড়িয়া
40,289,পঁচা কোড়ালিয়া
40,289,বড় বগি
40,289,শারিকখালী
40,289,সোনাকাটা
41,290,ধানীখোলা
41,290,বৈলর
41,290,কাঁঠাল
41,290,কানিহারী
41,290,রামপুর
41,290,ত্রিশাল
41,290,হরিরামপুর
41,290,সাখুয়া
41,290,বালিপাড়া
41,290,মঠবাড়ী
41,290,মোক্ষপুর
41,290,আমিরাবাড়ী
41,291,অষ্টধার
41,291,কুষ্টিয়া
41,291,বোররচর
41,291,পরাণগঞ্জ
41,291,চর ঈশ্বরদিয়া
41,291,চর নিলক্ষিয়া
41,291,আকুয়া (বিলুপ্ত)
41,291,খাগডহর
41,291,দাপুনিয়া
41,291,ঘাগড়া
41,291,ভাবখালী
41,291,বয়ড়া (বিলুপ্ত)
41,291,সিরতা
41,292,আঠারবাড়ী
41,292,ঈশ্বরগঞ্জ
41,292,উচাখিলা
41,292,জাটিয়া
41,292,তারুন্দিয়া
41,292,বড়হিত
41,292,মগটুলা
41,292,মাইজবাগ
41,292,রাজিবপুর
41,292,সরিষা
41,292,সোহাগী
41,293,রসুলপুর
41,293,বারবাড়িয়া
41,293,চরআলগী
41,293,রাওনা
41,293,যশরা
41,293,সালটিয়া
41,293,গফরগাঁও
41,293,মশাখালী
41,293,উস্থি
41,293,পাইথল
41,293,পাঁচবাগ
41,293,লংগাইর
41,293,দত্তেরবাজার
41,293,নিগুয়ারী
41,293,টাংগাব
41,294,মইলাকান্দা
41,294,গৌরীপুর
41,294,অচিন্তপুর
41,294,মাওহা
41,294,সহনাটি
41,294,বোকাইনগর
41,294,রামগোপালপুর
41,294,ডৌহাখলা
41,294,ভাংনামারী
41,294,সিধলা
41,295,বানিহালা
41,295,কাকনী
41,295,তারাকান্দা
41,295,গালাগাঁও
41,295,বালিখা
41,295,কামারগাঁও
41,295,কামারিয়া
41,295,ঢাকুয়া
41,295,রামপুর
41,295,বিসকা
41,296,দক্ষিণ মাইজপাড়া
41,296,গামারিতলা
41,296,ধোবাউড়া
41,296,পোড়াকান্দুলিয়া
41,296,গোয়াতলা
41,296,ঘোষগাঁও
41,296,বাঘবেড়
41,297,বীর বেতাগৈর
41,297,মোয়াজ্জেমপুর
41,297,নান্দাইল
41,297,চণ্ডীপাশা
41,297,গাংগাইল
41,297,রাজগাতী
41,297,মুশুল্লী
41,297,সিংরইল
41,297,আচারগাঁও
41,297,শেরপুর
41,297,খারুয়া
41,297,জাহাঙ্গীরপুর
41,298,ছনধরা
41,298,রামভদ্রপুর
41,298,ভাইটকান্দি
41,298,সিংহেশ্বর
41,298,ফুলপুর
41,298,পয়ারী
41,298,রহিমগঞ্জ
41,298,রূপসী
41,298,বালিয়া
41,298,বওলা
41,299,নাওগাঁও
41,299,পুটিজানা
41,299,কুশমাইল
41,299,বালিয়ান
41,299,দেওখোলা
41,299,ফুলবাড়িয়া
41,299,বাক্তা
41,299,রাঙ্গামাটিয়া
41,299,এনায়েতপুর
41,299,কালাদহ
41,299,রাধাকানাই
41,299,আছিম পাটুলী
41,299,ভবানীপুর
41,300,উথুরা
41,300,মেদুয়ারী
41,300,ভরাডোবা
41,300,ধীতপুর
41,300,বিরুনিয়া
41,300,ভালুকা
41,300,মল্লিকবাড়ী
41,300,ডাকাতিয়া
41,300,কাচিনা
41,300,হবিরবাড়ী
41,300,রাজৈ
41,301,ভুবনকুড়া
41,301,জুগলী
41,301,কৈচাপুর
41,301,হালুয়াঘাট
41,301,গাজিরভিটা
41,301,বিলডোরা
41,301,শাকুয়াই
41,301,নড়াইল
41,301,ধারা
41,301,ধুরাইল
41,301,আমতৈল
41,301,স্বদেশী
41,302,দুল্লা
41,302,বড়গ্রাম
41,302,তারাটি
41,302,কুমারগাতা
41,302,বাঁশাটি
41,302,মানকোন
41,302,ঘোগা
41,302,দাওগাঁও
41,302,কাশিমপুর
41,302,খেরুয়াজানী
42,303,কুলকান্দি
42,303,বেলগাছা
42,303,চিনাডুলী
42,303,সাপধরী
42,303,নোয়ারপাড়া
42,303,ইসলামপুর
42,303,পাথর্শী
42,303,পলবান্ধা
42,303,গোয়ালেরচর
42,303,গাইবান্ধা
42,303,চর পুটিমারী
42,303,চর গোয়ালিনী
42,304,কেন্দুয়া
42,304,শরীফপুর
42,304,লক্ষ্মীরচর
42,304,তুলশীরচর
42,304,ইটাইল
42,304,নরুন্দি
42,304,ঘোড়াধাপ
42,304,বাঁশচড়া
42,304,রানাগাছা
42,304,শ্রীপুর
42,304,শাহবাজপুর
42,304,তিতপল্লা
42,304,মেষ্টা
42,304,দিগপাইত
42,304,রশিদপুর
42,305,ডাংধরা
42,305,চর আমখাওয়া
42,305,পার রামরামপুর
42,305,হাতীভাঙ্গা
42,305,বাহাদুরাবাদ
42,305,চিকাজানী
42,305,চুকাইবাড়ি
42,305,দেওয়ানগঞ্জ
42,306,বকশীগঞ্জ
42,306,বগারচর
42,306,কামালপুর
42,306,বাট্টাজোর
42,306,সাধুরপাড়া
42,306,নিলাক্ষিয়া
42,306,মেরুরচর
42,307,চরপাকেরদহ
42,307,কড়ইচড়া
42,307,গুণারীতলা
42,307,বালিজুড়ী
42,307,জোড়খালী
42,307,আদারভিটা
42,307,সিধুলী
42,308,কুলিয়া
42,308,দুরমুঠ
42,308,মাহমুদপুর
42,308,নাংলা
42,308,নয়ানগর
42,308,শ্যামপুর
42,308,আদ্রা
42,308,চর বানিপাকুরিয়া
42,308,ফুলকোচা
42,308,ঘোষেরপাড়া
42,308,ঝাউগড়া
42,309,সাতপোয়া
42,309,পোগলদীঘা
42,309,ডোয়াইল
42,309,আওনা
42,309,পিংনা
42,309,ভাটারা
42,309,কামরাবাদ
42,309,মহাদান
43,310,বানিয়াজান
43,310,শুনুই
43,310,স্বরমুশিয়া
43,310,সুখারী
43,310,তেলিগাতি
43,310,লুনেরশ্বর
43,310,দোয়জ
43,311,কলমাকান্দা
43,311,নাজিরপুর
43,311,লেঙ্গুরা
43,311,রংছাতি
43,311,কৈলাটি
43,311,খারনৈ
43,311,পোগলা
43,311,বরখাপন
43,312,আশুজিয়া
43,312,দল্পা
43,312,গড়াডোবা
43,312,গন্ডা
43,312,সান্দিকোণা
43,312,মাসকা
43,312,বলাইশিমূল
43,312,নওপাড়া
43,312,কান্দিউড়া
43,312,চিরাং বাজার
43,312,রোয়াইলবাড়ী
43,312,পাইকুড়া
43,312,মোজাফরপুর
43,313,মেন্দিপুর
43,313,চাকুয়া
43,313,খালিয়াজুরী
43,313,নগর
43,313,কৃষ্ণপুর
43,313,গাজীপুর
43,314,কুল্লাগড়া
43,314,দুর্গাপুর
43,314,চন্ডিগড়
43,314,বিরিশিরি
43,314,বাকলজোরা
43,314,কাকৈরগড়া
43,314,গাঁওকান্দিয়া
43,315,মৌগাতি
43,315,মেদনী
43,315,ঠাকুরাকোণা
43,315,রৌহা
43,315,চল্লিশা
43,315,আমতলা
43,315,কাইলাটি
43,315,লক্ষীগঞ্জ
43,315,দক্ষিণ বিশিউরা
43,315,মদনপুর
43,315,কালিয়ারা গাবরাগাতি
43,315,সিংহের বাংলা
43,316,বৈরাটি
43,316,জারিয়া
43,316,আগিয়া
43,316,বিশকাকুনি
43,316,খলিশাউড়
43,316,গোহালাকান্দা
43,316,নারান্দিয়া
43,316,হোগলা
43,316,ঘাগড়া
43,316,পূর্বধলা
43,316,ধলামুলগাঁও
43,317,বাউসী
43,317,সাহতা
43,317,বারহাট্টা
43,317,আসমা
43,317,চিরাম
43,317,সিংধা
43,317,রায়পুর
43,318,মদন
43,318,গোবিন্দশ্রী
43,318,তিয়শ্রী
43,318,মাঘান
43,318,ফতেপুর
43,318,চানগাঁও
43,318,নায়েকপুর
43,318,কাইটাইল
43,319,বড়কাশিয়া বিরামপুর
43,319,বড়তলী বানিয়াহারী
43,319,তেতুলিয়া
43,319,মাঘান সিয়াধার
43,319,সমাজ সহিলদেও
43,319,সুয়াইর
43,319,গাগলাজুর
44,320,কাংশা
44,320,গৌরীপুর
44,320,ঝিনাইগাতী
44,320,ধানশাইল
44,320,নলকুরা
44,320,মালিঝিকান্দা
44,320,হাতিবান্দা
44,321,গৌড়দ্বার
44,321,চন্দ্রকোনা
44,321,চর অষ্টধর
44,321,গণপদ্দী
44,321,টালকি
44,321,নকলা
44,321,উরফা
44,321,পাঠাকাটা
44,321,বানেশ্বর্দী
44,322,কলসপাড়
44,322,কাকরকান্দি
44,322,নন্নী
44,322,নয়াবিল
44,322,নালিতাবাড়ী
44,322,পোড়াগাও
44,322,বাঘবেড়
44,322,মরিচপুরান
44,322,যোগানীয়া
44,322,রাজনগর
44,322,রামচন্দ্রকোড়া
44,322,রূপনারায়নকুড়া
44,323,কামারের চর
44,323,গাজির খামার
44,323,চরপক্ষীমারী
44,323,চরমোচারিয়া
44,323,চরশেরপুর
44,323,ধলা
44,323,পাকুরিয়া
44,323,বলায়ের চর
44,323,বাজিতখিলা
44,323,বেতমারী ঘুঘুরাকান্দি
44,323,ভাতশালা
44,323,রৌহা
44,323,লছমনপুর
44,324,সিংগাবরুনা
44,324,রাণীশিমুল
44,324,গোঁসাইপুর
44,324,কাকিলাকুড়া
44,324,তাতীহাটি
44,324,শ্রীবরদী
44,324,ভেলুয়া
44,324,খড়িয়া কাজিরচর
44,324,কুড়িকাহনিয়া
44,324,গড়জরিপা
45,325,দূর্গাপুর
45,325,বেগমগঞ্জ
45,325,বুড়াবুড়ি
45,325,বজরা
45,325,দলদলিয়া
45,325,ধামশ্রেণী
45,325,ধরণীবাড়ী
45,325,গুনাইগাছ
45,325,হাতিয়া
45,325,পান্ডুল
45,325,সাহেবের আলগা
45,325,তবকপুর
45,325,থেতরাই
45,326,কাঁঠালবাড়ী
45,326,হলোখানা
45,326,ভোগডাঙ্গা
45,326,ঘোগাদহ
45,326,বেলগাছা
45,326,মোগলবাসা
45,326,পাঁচগাছি
45,326,যাত্রাপুর
45,327,রাজিবপুর
45,327,কোদালকাটি
45,327,মোহনগঞ্জ
45,328,অষ্টমির চর
45,328,নয়ারহাট
45,328,চিলমারী
45,328,রমনা
45,328,থানাহাট
45,328,রাণীগঞ্জ
45,329,রামখানা
45,329,রায়গঞ্জ
45,329,সন্তোষপুর
45,329,বামনডাঙ্গা
45,329,নেওয়াশী
45,329,হাসনাবাদ
45,329,ভিতরবন্দ
45,329,নুনখাওয়া
45,329,কালীগঞ্জ
45,329,বেরুবাড়ী
45,329,কেদার
45,329,কচাকাটা
45,329,বল্লভেরখাস
45,329,নারায়ণপুর
45,330,শিমুলবাড়ী
45,330,নাওডাঙ্গা
45,330,ভাঙ্গামোড়
45,330,ফুলবাড়ী
45,330,কাশিপুর
45,330,বড়ভিটা
45,331,পাথরডুবী
45,331,শিলখুড়ি
45,331,তিলাই
45,331,পাইকেরছড়া
45,331,ভূরুঙ্গামারী
45,331,জয়মনিরহাট
45,331,আন্ধারীঝাড়
45,331,বলদিয়া
45,331,চরভূরুঙ্গামারী
45,331,বঙ্গসোনাহাট
45,332,ঘড়িয়ালডাঙ্গা
45,332,ছিনাই
45,332,রাজারহাট
45,332,চাকিরপশার
45,332,বিদ্যানন্দ
45,332,উমরমজিদ
45,332,নজিমখাঁন
45,333,রৌমারী
45,333,যাদুর চর
45,333,শৌলমারী
45,333,দাতভাঙ্গা
45,333,বন্দবেড়
45,333,চর শৌলমারী
46,334,লক্ষ্মীপুর
46,334,মালিবাড়ী
46,334,কুপতলা
46,334,সাহাপাড়া
46,334,বল্লমঝাড়
46,334,রামচন্দ্রপুর
46,334,বাদিয়াখালী
46,334,বোয়ালী
46,334,খোলাহাটী
46,334,ঘাগোয়া
46,334,গিদারী
46,334,কামারজানি
46,334,মোল্লারচর
46,335,রসুলপুর
46,335,নলডাঙ্গা
46,335,দামোদরপুর
46,335,জামালপুর
46,335,ফরিদপুর
46,335,ধাপেরহাট
46,335,ইদিলপুর
46,335,ভাতগ্রাম
46,335,বনগ্রাম
46,335,কামারপাড়া
46,335,খোদকোমরপুর
46,336,কঞ্চিপাড়া
46,336,উড়িয়া
46,336,উদাখালী
46,336,গজারিয়া
46,336,ফুলছড়ি
46,336,এরেন্ডাবাড়ী
46,336,ফজলুপুর
46,337,মহিমাগঞ্জ
46,337,কামদিয়া
46,337,শাখাহার
46,337,কাটাবাড়ী
46,337,রাজাহার
46,337,সাপমারা
46,337,দরবস্ত
46,337,তালুককানুপুর
46,337,নাকাই
46,337,হরিরামপুর
46,337,রাখালবুরুজ
46,337,ফুলবাড়ী
46,337,গুমানীগঞ্জ
46,337,কামারদহ
46,337,কোচাশহর
46,337,শিবপুর
46,337,শালমারা
46,338,কিশোরগাড়ী
46,338,হোসেনপুর
46,338,পলাশবাড়ী
46,338,বরিশাল
46,338,মহদীপুর
46,338,বেতকাপা
46,338,পবনাপুর
46,338,মনোহরপুর
46,338,হরিণাথপুর
46,339,পদুমশহর
46,339,ভরতখালী
46,339,সাঘাটা
46,339,মুক্তিনগর
46,339,কচুয়া
46,339,ঘুরিদহ
46,339,হলদিয়া
46,339,জুমারবাড়ী
46,339,কামালেরপাড়া
46,339,বোনারপাড়া
46,340,বামনডাঙ্গা
46,340,সোনারায়
46,340,তারাপুর
46,340,বেলকা
46,340,দহবন্দ
46,340,সর্বানন্দ
46,340,রামজীবন
46,340,ধোপাডাঙ্গা
46,340,ছাপরহাটী
46,340,শান্তিরাম
46,340,কঞ্চিবাড়ী
46,340,শ্রীপুর
46,340,চন্ডিপুর
46,340,কাপাসিয়া
46,340,হরিপুর
47,341,রুহিয়া
47,341,আখানগর
47,341,আকচা
47,341,বড়গাঁও
47,341,বালিয়া
47,341,আউলিয়াপুর চিলারং
47,341,রহিমানপুর
47,341,রায়পুর
47,341,জামালপুর
47,341,মোহাম্মাদপুর
47,341,সালন্দর
47,341,গড়েয়া
47,341,রাজাগাঁও
47,341,দেবীপুর
47,341,নারগুন
47,341,জগন্নাথপুর
47,341,শুখানপুকুরী
47,341,বেগুনবাড়ী
47,341,রুহিয়া পশ্চিম
47,341,ঢোলার হাট
47,342,পাড়িয়া
47,342,চাড়োল
47,342,ধনতলা
47,342,বড়পলাশবাড়ী
47,342,দুওসুও
47,342,ভানোর
47,342,আমজানখোর
47,342,বড়বাড়ি
47,343,ভোমরাদহ
47,343,কোষারাণীগঞ্জ
47,343,খনগাঁও
47,343,পীরগঞ্জ
47,343,সৈয়দপুর
47,343,হাজীপুর
47,343,দৌলতপুর
47,343,সেনগাঁও
47,343,জাবরহাট
47,343,বৈরচুনা
47,344,গেদুড়া
47,344,আমগাও
47,344,বকুয়া
47,344,ডাঙ্গীপাড়া
47,344,হরিপুর
47,344,ভাতুরিয়া
47,345,ধর্মগড়
47,345,নেকমরদ
47,345,হোসেনগাঁও
47,345,লেহেম্বা
47,345,বাচোর
47,345,কাশিপুর
47,345,রাতোর
47,345,নন্দুয়ার
48,346,চেহেলগাজী
48,346,সুন্দরবন
48,346,ফাজিলপুর
48,346,শেখপুরা
48,346,শশরা
48,346,আউলিয়াপুর
48,346,উথরাইল
48,346,শংকরপুর
48,346,আস্করপুর
48,346,কমলপুর
48,347,মুকুন্দপুর
48,347,কাটলা
48,347,খানপুর
48,347,দিওড়
48,347,বিনাইল
48,347,জোতবানী
48,348,আলোকঝাড়ী
48,348,ভেড়ভেড়ী
48,348,আঙ্গারপাড়া
48,348,খামারপাড়া
48,348,ভাবকী
48,348,গোয়ালডিহি
48,349,শিবরামপুর
48,349,পলাশবাড়ী
48,349,শতগ্রাম
48,349,পাল্টাপুর
48,349,সুজালপুর
48,349,নিজপাড়া
48,349,মোহাম্মদপুর
48,349,ভোগনগর
48,349,সাতোর
48,349,মোহনপুর
48,349,মরিচা
48,349,গোলাপগঞ্জ (প্রস্তাবিত)
48,350,নাফানগর
48,350,ইশানিয়া
48,350,মুর্শিদহাট
48,350,আটগাঁও
48,350,ছাতইল
48,350,রনগাও
48,330,এলুয়াড়ী
48,330,আলাদীপুর
48,330,কাজিহাল
48,330,বেতদিঘী
48,330,খয়েরবাড়ী
48,330,দৌলতপুর
48,330,শিবনগর
48,351,নশরতপুর
48,351,সাতনালা
48,351,ফতেজংপুর
48,351,ইসবপুর
48,351,আব্দুলপুর
48,351,অমরপুর
48,351,আউলিয়াপুকুর
48,351,সাইতারা
48,351,ভিয়াইল
48,351,পুনট্টি
48,351,তেতুলিয়া
48,351,আলোকডিহি
48,352,বুলাকিপুর
48,352,পালশা
48,352,সিংড়া
48,352,ঘোড়াঘাট
48,353,খট্টামাধবপাড়া
48,353,বোয়ালদাড়
48,353,আলীহাট
48,354,ডাবর
48,354,রসুলপুর
48,354,মুকুন্দপুর
48,354,তারগাঁও
48,354,সুন্দরপুর
48,354,রামচন্দ্রপুর
48,197,জয়পুর
48,197,বিনোদনগর
48,197,গোলাপগঞ্জ
48,197,শালখুরিয়া
48,197,পুটিমারা
48,197,ভাদুরিয়া
48,197,দাউদপুর
48,197,মাহামুদপুর
48,197,কুশদহ
48,355,বেলাইচন্ডি
48,355,মন্মথপুর
48,355,চন্ডিপুর
48,355,পলাশবাড়ী
48,355,মোমিনপুর
48,355,মোস্তফাপুর
48,355,রামপুর
48,355,হরিরামপুর
48,355,হাবড়া
48,355,হামিদপুর
48,356,বিরল
48,356,আজিমপুর
48,356,ফরক্কাবাদ
48,356,ধামইর
48,356,শহরগ্রাম
48,356,ভান্ডারা
48,356,বিজোড়া
48,356,ধর্মপুর
48,356,মঙ্গলপুর
48,356,রানীপুকুর
48,356,পলাশবাড়ী
48,356,রাজারামপুর
49,357,চওড়া বড়গাছা
49,357,গোড়গ্রাম
49,357,খোকশাবাড়ী
49,357,পলাশবাড়ী
49,357,রামনগর
49,357,কচুকাটা
49,357,পঞ্চপুকুর
49,357,ইটাখোলা
49,357,কুন্দুপুকুর
49,357,সোনারায়
49,357,সংগলশী
49,357,চড়াইখোলা
49,357,চাপড়া সরঞ্জানী
49,357,টুপামারী
49,357,লক্ষীচাপ
49,358,ডোমার সদর
49,358,বোড়াগাড়ী
49,358,জোড়াবাড়ী
49,358,বামুনিয়া
49,358,পাংগা মটকপুর
49,358,সোনারায়
49,358,হরিণচড়া
49,358,ভোগডাবুড়ী
49,358,কেতকীবাড়ী
49,358,গোমনাতি
49,359,পশ্চিম ছাতনাই
49,359,বালাপাড়া
49,359,ডিমলা
49,359,খগাখড়িবাড়ী
49,359,গয়াবাড়ী
49,359,নাউতারা
49,359,খালিশা চাপানী
49,359,ঝুনাগাছ চাপানী
49,359,টেপাখড়িবাড়ী ও পূর্ব ছাতনাই
49,360,গোলমুন্ডা
49,360,মীরগঞ্জ
49,360,ডাউয়াবাড়ী
49,360,বালাগ্রাম
49,360,গোলনা
49,360,ধর্মপাল
49,360,শিমুলবাড়ী
49,360,কাঁঠালী
49,360,খুটামারা
49,360,শৌলমারী
49,360,কৈমারী
49,361,বড়ভিটা
49,361,পুটিমারী
49,361,নিতাই
49,361,বাহাগিলী
49,361,চাঁদখানা
49,361,কিশোরগঞ্জ সদর
49,361,রণচণ্ডি
49,361,গাড়াগ্রাম
49,361,মাগুড়া
49,362,কামারপুকুর
49,362,কাশিরামবেলপুকুর
49,362,বাঙ্গালীপুর
49,362,বোতলাগাড়ী
49,362,খাতামধুপুর
50,363,মির্জাপুর
50,363,তোড়িয়া
50,363,আলোয়াখোয়া
50,363,রাধানগর
50,363,বলরামপুর
50,363,ধামোর
50,364,বাংলাবান্ধা
50,364,তিরনইহাট
50,364,তেতুলিয়া
50,364,শালবাহান
50,364,বুড়াবুড়ি
50,364,ভজনপুর
50,364,দেবনগর
50,365,চিলাহাটি
50,365,শালডাঙ্গা
50,365,দেবীগঞ্জ
50,365,পামুলী
50,365,সুন্দরদিঘী
50,365,সোনাহার
50,365,টেপ্রীগঞ্জ
50,365,দন্ডপাল
50,365,দেবীডুবা
50,365,চেংঠী হাজরাডাঙ্গা
50,366,অমরখানা
50,366,হাফিজাবাদ
50,366,পঞ্চগড় সদর
50,366,কামাত কাজল দীঘি
50,366,চাকলাহাট
50,366,সাতমেরা
50,366,হাড়িভাসা
50,366,ধাক্কামারা
50,366,মাগুরা
50,366,গরিনাবাড়ী
50,367,ঝলইশালশিরি
50,367,ময়দানদিঘি
50,367,বেংহারি
50,367,কাজলদিঘী কালিয়াগঞ্জ
50,367,বড়শশী
50,367,মাড়েয়া
50,367,চন্দনবাড়ী
50,367,বোদা
50,367,সাকোয়া
50,367,পাঁচপীর
51,368,সারাই
51,368,হারাগাছ
51,368,কুর্শা
51,368,শহীদবাগ
51,368,বালাপারা
51,368,টেপামধুপুর
51,369,বেতগাড়ী
51,369,খলেয়া
51,369,বড়বিল
51,369,কোলকোন্দ
51,369,লক্ষীটারী
51,369,গংগাচড়া
51,369,গজঘন্টা
51,369,মর্ণেয়া
51,369,আলমবিদিতর
51,369,নোহালী
51,370,আলমপুর
51,370,কুর্শা
51,370,ইকরচালী
51,370,হাড়িয়ারকুঠি
51,370,সয়ার
51,343,চৈত্রকোল
51,343,ভেন্ডাবাড়ী
51,343,বড়দরগাহ্
51,343,কুমেদপুর
51,343,মদনখালী
51,343,টুকুরিয়া
51,343,বড়আলমপুর
51,343,রায়পুর
51,343,পীরগঞ্জ
51,343,শানেরহাট
51,343,পাঁচগাছী
51,343,মিঠিপুর
51,343,রামনাথপুর
51,343,চতরা
51,343,কাবিলপুর
51,371,কল্যাণী
51,371,পারুল
51,371,ইটাকুমারী
51,371,অন্নদানগর
51,371,ছাওলা তাম্বুলপুর
51,371,পীরগাছা
51,371,কৈকুড়ী
51,371,কান্দি
51,372,রাধানগর
51,372,গোপীনাথপুর রামনাথপুর
51,372,দামোদরপুর
51,372,মধুপুর
51,372,গোপালপুর
51,372,কুতুবপুর
51,372,কালুপাড়া
51,372,বিষ্ণপুর
51,372,লোহানীপাড়া
51,373,ইমাদপুর
51,373,কাফ্রিখাল
51,373,খোড়াগাছ
51,373,গোপালপুর
51,373,মিঠাপুকুর
51,373,চেংমারী
51,373,দুর্গাপুর
51,373,পায়রাবন্দ
51,373,বড় হযরতপুর
51,373,বড়বালা
51,373,বালারহাট
51,373,বালুয়া মাসিমপুর
51,373,ভাংনী
51,373,ময়েনপুর
51,373,মিলনপুর
51,373,মির্জাপুর
51,373,রাণীপুকুর
51,373,লতিফপুর
51,374,মমিনপুর
51,374,হরিদেবপুর
51,374,চন্দনপাট
51,374,সদ্যপুস্করনী
51,374,খলেয়া
52,375,কমলাবাড়ী
52,375,দুর্গাপুর
52,375,পলাশী
52,375,ভাদাই
52,375,ভেলাবাড়ী
52,375,মহিষখোচা
52,375,সাপটিবাড়ী
52,375,শরপুকুর
52,20,কাকিনা
52,20,গোড়ল
52,20,চন্দ্রপুর
52,20,চলবলা
52,20,তুষভান্ডার
52,20,দলগ্রাম
52,20,ভোটমারী
52,20,মদাতী
52,376,শ্রীরামপুর
52,376,জগতবেড়
52,376,পাটগ্রাম
52,376,বাউরা
52,376,কুচলীবাড়ী
52,376,জোংড়া
52,376,দহগ্রাম
52,376,বুড়িমারী
52,377,মোগলহাট
52,377,কুলাঘাট
52,377,মহেন্দ্রনগর
52,377,হারাটি
52,377,খুনিয়াগাছ
52,377,রাজপুর
52,377,গোকুন্ডা
52,377,পঞ্চগ্রাম
52,377,বড়বাড়ী
52,378,বড়খাতা
52,378,গড্ডিমারী
52,378,সিংগীমারী
52,378,টংভাঙ্গা
52,378,সিন্দুর্ণা
52,378,পাটিকাপাড়া
52,378,ডাউয়াবাড়ী
52,378,নওদাবাস
52,378,গোতামারী
52,378,ভেলাগুড়ি
52,378,সানিয়াজান
52,378,ফকিরপাড়া
53,379,আলাতুলী
53,379,বারঘরিয়া
53,379,মহারাজপুর
53,379,রাণীহাটি
53,379,বালিয়াডাঙ্গা
53,379,গোবরাতলা ঝিলিম
53,379,চরঅনুপনগর
53,379,দেবীনগর
53,379,শাহজাহানপুর
53,379,ইসলামপুর
53,379,চরবাগডাঙ্গা
53,379,নারায়ণপুর
53,379,সুন্দরপুর
53,380,রহনপুর
53,380,গোমস্তাপুর
53,380,চৌডালা
53,380,বোয়ালিয়া
53,380,পার্বতীপুর
53,380,রাধানগর
53,380,আলীনগর
53,380,বাঙ্গাবাড়ী
53,381,কসবা
53,381,ফতেপুর
53,381,নাচোল
53,381,নেজামপুর
53,382,ভোলাহাট
53,382,গোহালবাড়ী
53,382,দলদলী
53,382,জামবাড়িয়া
53,383,বিনোদপুর
53,383,চককির্তী
53,383,দাইপুকুরিয়া
53,383,ধাইনগর
53,383,দূর্লভপুর
53,383,ঘোড়াপাখিয়া
53,383,মোবারকপুর
53,383,মনাকষা
53,383,নয়ালাভাঙ্গা
53,383,পাঁকা
53,383,ছত্রাজিতপুর
53,383,শাহবাজপুর
53,383,শ্যামপুর
53,383,কানসাট
53,383,উজিরপুর
54,384,মোহাম্মাদাবাদ
54,384,ধলাহার
54,384,দোগাছি
54,384,ভাদসা
54,384,পুরানাপৈল
54,384,আমদই
54,384,জামালপুর
54,384,জয়পুরহাট সদর
54,384,চকবরকত
54,385,রুকিন্দীপুর
54,385,সোনামুখী
54,385,গোপীনাথপুর
54,385,রায়কালী
54,385,তিলকপুর
54,386,মাত্রাই
54,386,আহম্মেদাবাদ
54,386,পুনট
54,386,জিন্দারপুর
54,386,উদয়পুর
54,387,ক্ষেতলাল (বিলুপ্ত)
54,387,আলমপুর
54,387,ক্ষেতলাল
54,387,তুলশীগঙ্গা
54,387,বড়তারা
54,387,বড়াইল
54,387,মামুদপুর
54,388,বাগজানা
54,388,ধরঞ্জি
54,388,আয়মারসুলপুর
54,388,বালিঘাটা
54,388,আটাপুর
54,388,মোহাম্মদপুর
54,388,কুসুম্বা
54,388,আওলাই
55,389,পত্নীতলা
55,389,নিরমইল
55,389,দিবর
55,389,আকবরপুর
55,389,মাটিন্দর
55,389,কৃষ্ণপুর
55,389,পাটিচরা
55,389,নজিপুর
55,389,ঘোষনগর
55,389,আমাইড়
55,389,শিহাড়া
55,390,ধামইরহাট
55,390,আলমপুর
55,390,উমার
55,390,আড়ানগর
55,390,জাহানপুর
55,390,ইসবপুর
55,390,খেলনা
55,390,আগ্রাদ্বিগুন
55,391,মহাদেবপুর সদর
55,391,হাতুড়
55,391,খাজুর
55,391,চাঁন্দাশ
55,391,রাইগাঁ
55,391,এনায়েতপুর
55,391,সফাপুর
55,391,উত্তরগ্রাম
55,391,চেরাগপুর
55,391,ভীমপুর
55,392,নিতপুর
55,392,তেতুলিয়া
55,392,ছাওড়
55,392,গাঙ্গুরিয়া
55,392,ঘাটনগর
55,392,মশিদপুর
55,393,সাপাহার
55,393,গোয়ালা
55,393,তিলনা
55,393,আইহাই
55,393,পাতাড়ী
55,393,শিরন্টি
55,394,বদলগাছী
55,394,মথুরাপুর
55,394,পাহাড়পুর
55,394,মিঠাপুর
55,394,কোলা
55,394,বিলাশবাড়ী
55,394,আধাইপুর
55,394,বালুভরা
55,395,ভারশোঁ
55,395,ভালাইন
55,395,পরানপুর
55,395,মান্দা
55,395,গনেশপুর
55,395,মৈনম
55,395,প্রসাদপুর
55,395,কুশুম্বা
55,395,তেতুলিয়া
55,395,নুরুল্লাবাদ
55,395,কালিকাপুর
55,395,কাঁশোপাড়া
55,395,কশব
55,395,বিষ্ণুপুর
55,396,হাজীনগর
55,396,চন্দননগর
55,396,ভাবিচা
55,396,নিয়ামতপুর
55,396,রসুলপুর
55,396,পাঁড়ইল
55,396,শ্রীমন্তপুর
55,396,বাহাদুরপুর
55,397,শাহাগোলা
55,397,ভোঁপাড়া
55,397,আহসানগঞ্জ
55,397,পাঁচুপুর
55,397,বিশা
55,397,মনিয়ারী
55,397,কালিকাপুর
55,397,হাটকালুপাড়া
55,398,খট্টেশ্বর রাণীনগর
55,398,কাশিমপুর
55,398,গোনা
55,398,পারইল
55,398,বড়গাছা
55,398,কালীগ্রাম
55,398,একডালা
55,398,মিরাট
55,399,বর্ষাইল
55,399,কীর্ত্তিপুর
55,399,বক্তারপুর
55,399,তিলকপুর
55,399,হাপানিয়া
55,399,দুবলহাটী
55,399,বোয়ালিয়া
55,399,হাঁসাইগাড়ী
55,399,চন্ডিপুর
55,399,বলিহার
55,399,শিকারপুর
55,399,শৈলগাছী
56,400,ছাতনী
56,400,তেবাড়িয়া
56,400,দিঘাপতিয়া
56,400,লক্ষীপুর খোলাবাড়িয়া
56,400,বড় হরিশপুর
56,400,কাফুরিয়া
56,400,হালসা
56,401,পাঁকা
56,401,জামনগর
56,401,বাগাতিপাড়া
56,401,দয়ারামপুর
56,401,ফাগুয়াড়দিয়াড়
56,402,জোয়াড়ী
56,402,বড়াইগ্রাম
56,402,জোনাইল
56,402,নগর
56,402,গোপালপুর
56,402,চান্দাই
56,402,মাঝগাঁও
56,403,নাজিরপুর
56,403,বিয়াঘাট
56,403,খুবজীপুর
56,403,মশিন্দা
56,403,ধারাবারিষা
56,403,চাপিলা
56,404,লালপুর
56,404,ঈশ্বরদী
56,404,চংধুপইল
56,404,আড়বাব
56,404,বিলমাড়িয়া
56,404,দুয়ারিয়া
56,404,ওয়ালিয়া
56,404,দুড়দুরিয়া
56,404,অর্জুনপুর বরমহাটী
56,404,কদিমচিলান
56,405,সুকাশ
56,405,ডাহিয়া
56,405,ইটালী
56,405,কলম
56,405,চামারী
56,405,হাতিয়ান্দহ
56,405,লালোর
56,405,শেরকোল
56,405,তাজপুর
56,405,চৌগ্রাম
56,405,ছাতারদিঘী
56,405,রামানন্দ খাজুরা
56,406,ব্রাহ্মপুর
56,406,মাধনগর
56,406,খাজুরা
56,406,পিপরুল
56,406,বিপ্রবেলঘরিয়া
57,407,মাজপাড়া
57,407,চাঁদভা
57,407,দেবোত্তর
57,407,একদন্ত
57,407,লক্ষ্মীপুর
57,408,সাহাপুর
57,408,লক্ষ্মীকুন্ডা
57,408,পাকশী
57,408,মুলাডুলি
57,408,দাশুড়িয়া
57,408,সলিমপুর
57,408,সাঁড়া
57,409,হান্ডিয়াল
57,409,ছাইকোলা
57,409,নিমাইচড়া
57,409,গুনাইগাছা
57,409,মূলগ্রাম
57,409,ফৈলজানা
57,409,পার্শ্বডাঙ্গা
57,409,ডিবিগ্রাম
57,409,মথুরাপুর
57,409,হরিপুর
57,409,বিলচলন
57,409,দাতিয়া বামন গ্রাম
57,410,মালিগাছা
57,410,ভাঁড়ারা
57,410,আতাইকুলা
57,410,মালঞ্চি
57,410,দাপুনিয়া
57,410,গয়েশপুর
57,410,সাদুল্লাপুর
57,410,চরতারাপুর
57,410,হেমায়েতপুর
57,410,দোগাছী
57,411,বৃলাহিড়ীবাড়ী
57,411,পুংগলী
57,411,ফরিদপুর
57,411,হাদল
57,411,বনওয়ারীনগর
57,411,ডেমরা
57,412,হাটুরিয়া নাকালিয়া
57,412,কৈটোলা
57,412,চাকলা
57,412,নতুন ভারেঙ্গা
57,412,পুরান ভারেঙ্গা 
57,412,জাতসাখিনি
57,412,রূপপুর
57,412,মাসুমদিয়া
57,412,ঢালারচর
57,413,ভাঙ্গুড়া
57,413,পারভাঙ্গুড়া
57,413,অষ্টমনিষা
57,413,খান মরিচ
57,413,দিলপাশার
57,413,মন্ডতোষ
57,414,নাগডেমড়া
57,414,ধুলাউড়ি
57,414,ভুলবাড়ীয়া
57,414,ধোপাদহ
57,414,করমজা
57,414,কাশিনাথপুর
57,414,গৌরীগ্রাম
57,414,নন্দনপুর
57,414,ক্ষেতুপাড়া
57,414,আর-আতাইকুলা
57,415,ভায়না
57,415,সাতবাড়িয়া
57,415,মানিকহাট
57,415,নাজিরগঞ্জ
57,415,হাটখালী
57,415,সাগরকান্দি
57,415,রাণীনগর
57,415,আহম্মদপুর
57,415,দুলাই
57,415,তাঁতিবন্দ
58,416,আশেকপুর
58,416,মাদলা
58,416,মাঝিড়া
58,416,আড়িয়া
58,416,খরনা
58,416,গোহাইল
58,416,খোট্রাপাড়া
58,416,চোপিনগর
58,416,আমরুল
58,417,ছাতিয়ানগ্রাম
58,417,নশরতপুর
58,417,আদমদীঘি
58,417,কুন্দগ্রাম
58,417,চাঁপাপুর
58,417,সান্তাহার
58,418,এরুলিয়া
58,418,ফাঁপোর
58,418,সাবগ্রাম
58,418,নিশিন্দারা
58,418,রাজাপুর
58,418,শাখারিয়া
58,418,শেখেরকোলা
58,418,গোকুল
58,418,নুনগোলা
58,418,লাহিড়ীপাড়া
58,418,নামুজা
58,419,নিমগাছি
58,419,কালের পাড়া
58,419,চিকাশী
58,419,গোসাইবাড়ী
58,419,ভান্ডারবাড়ী
58,419,ধুনট
58,419,এলাঙ্গী
58,419,চৌকিবাড়ী
58,419,মথুরাপুর
58,419,গোপালনগর
58,420,জিয়ানগর
58,420,চামরুল
58,420,দুপচাঁচিয়া
58,420,গুনাহার
58,420,গোবিন্দপুর
58,420,তালোড়া
58,421,গাবতলি
58,421,নেপালতলী
58,421,সোনারায়
58,421,কাগইল
58,421,রামেশ্বরপুর
58,421,মহিষাবান
58,421,দক্ষিণপাড়া
58,421,দূর্গাহাটা
58,421,বালিয়াদিঘী
58,421,নাড়ুয়ামালা
58,421,নশিপুর
58,422,বীরকেদার
58,422,কালাই
58,422,পাইকড়
58,422,নারহট্ট
58,422,কাহালু
58,422,মুরইল
58,422,দূর্গাপুর
58,422,জামগ্রাম
58,422,মালঞ্চা
58,423,বুড়ইল
58,423,নন্দিগ্রাম
58,423,ভাটরা
58,423,থালতা মাঝগ্রাম
58,423,ভাটগ্রাম
58,424,চালুয়াবাড়ী
58,424,হাটশেরপুর
58,424,কাজলা
58,424,সারিয়াকান্দি সদর
58,424,নারচী
58,424,ফুলবাড়ী
58,424,কর্ণিবাড়ী
58,424,কুতুবপুর
58,424,ভেলাবাড়ী
58,424,চন্দনবাইশা
58,424,কামালপুর
58,424,বোহাইল
58,425,কুসুম্বী
58,425,গাড়ীদহ
58,425,খামারকান্দি
58,425,খানপুর
58,425,মির্জাপুর
58,425,বিশালপুর
58,425,ভবানীপুর
58,425,সুঘাট
58,425,সীমাবাড়ী
58,425,শাহবন্দেগী
58,383,শিবগঞ্জ
58,383,বিহার
58,383,রায়নগর
58,383,বুড়িগঞ্জ
58,383,মাঝিহট্ট
58,383,পিরব
58,383,আটমূল
58,383,কিচক
58,383,ময়দানহাট্টা
58,383,দেউলি
58,383,মোকামতলা
58,383,সৈয়দপুর
58,426,সোনাতলা
58,426,বালুয়া
58,426,দিগদাইড়
58,426,জোড়গাছা
58,426,মধুপুর
58,426,তেকানী চুকাইনগর
58,426,পাকুল্যা
59,427,গোদাগাড়ী
59,427,মোহনপুর
59,427,পাকড়ী
59,427,রিশিকুল
59,427,গোগ্রাম
59,427,মাটিকাটা
59,427,দেওপাড়া
59,427,বাসুদেবপুর
59,427,আষাড়িয়াদহ
59,428,কলমা
59,428,বাধাইড়
59,428,পাঁচন্দর
59,428,সরঞ্জাই
59,428,তালন্দ
59,428,কামারগাঁ
59,428,চান্দুড়িয়া
59,429,রায়ঘাটী
59,429,ঘাসিগ্রাম
59,429,মৌগাছি
59,429,জাহানাবাদ
59,429,বাকশিমইল
59,429,ধূরইল
59,430,গোবিন্দপাড়া
59,430,নরদাশ
59,430,দ্বীপপুর
59,430,বড়বিহানালী
59,430,আউচপাড়া
59,430,শ্রীপুর
59,430,বাসুপাড়া
59,430,কাচারী কোয়ালিপাড়া
59,430,শুভডাঙ্গা
59,430,মাড়িয়া
59,430,গণিপুর
59,430,ঝিকড়া
59,430,গোয়ালকান্দি
59,430,হামিরকুৎসা
59,430,যোগিপাড়া
59,430,সোনাডাঙ্গা
59,314,নওপাড়া
59,314,কিসমত গণকৈড়
59,314,পানানগর
59,314,দেলুয়াবাড়ী
59,314,মাড়িয়া
59,314,ঝালুকা
59,314,জয়নগর
59,431,বাজুবাঘা
59,431,গড়গড়ি
59,431,পাকুড়িয়া
59,431,মনিগ্রাম
59,431,বাউসা
59,431,আড়ানী
59,431,চকরাজাপুর
59,432,ইউসুফপুর
59,432,শলুয়া
59,432,সরদহ
59,432,নিমপাড়া
59,432,চারঘাট
59,432,ভায়ালক্ষীপুর
59,433,দর্শনপাড়া
59,433,হুজুরিপাড়া
59,433,দামকুড়া
59,433,হরিপুর
59,433,হড়গ্রাম
59,433,হরিয়ান
59,433,বড়গাছি
59,433,পারিলা
59,434,পুঠিয়া
59,434,বেলপুকুরিয়া
59,434,বানেশ্বর
59,434,ভালুকগাছী
59,434,শিলমাড়িয়া
59,434,জিউপাড়া
60,435,বেলকুচি সদর
60,435,রাজাপুর
60,435,ভাঙ্গাবাড়ী
60,435,দৌলতপুর
60,435,ধুকুরিয়াবেড়া
60,435,বড়ধুল
60,436,ভদ্রঘাট
60,436,ঝাঐল
60,436,জামতৈল
60,436,রায়দৌলতপুর
60,437,সদিয়া চাঁদপুর
60,437,স্থল
60,437,ঘোরজান
60,437,উমারপুর
60,437,খাসকাউলিয়া
60,437,খাসপুকুরিয়া
60,437,বাঘুটিয়া
60,438,চালিতাডাঙ্গা
60,438,চরগিরিশ
60,438,গান্ধাইল
60,438,কাজীপুর
60,438,খাসরাজবাড়ী
60,438,মাইজবাড়ী
60,438,মনসুরনগর
60,438,নাটুয়ারপাড়া
60,438,নিশ্চিন্তপুর
60,438,সোনামুখী
60,438,শুভগাছা
60,438,তেকানী
60,439,ধামাইনগর
60,439,সোনাখাড়া
60,439,ধুবিল
60,439,ব্রহ্মগাছা
60,439,নলকা
60,439,পাঙ্গাশী
60,439,চান্দাইকোনা
60,439,ঘুড়কা
60,439,ধানগড়া
60,440,রুপবাটি
60,440,বেলতৈল
60,440,জালালপুর
60,440,কায়েমপুর
60,440,গাড়াদহ
60,440,পোতাজিয়া
60,440,গালা
60,440,পোরজনা
60,440,হাবিবুল্লাহ নগর
60,440,খুকনী
60,440,কৈজুরী
60,440,সোনাতনী
60,440,নরিনা
60,441,বাগবাটি
60,441,বাহুলি
60,441,কালিয়াহরিপুর
60,441,কাওয়াখোলা
60,441,খোকশাবাড়ী
60,441,মেছড়া
60,441,রতনকান্দি
60,441,সয়দাবাদ
60,441,শিয়ালকোল
60,441,ছোনগাছা
60,442,সগুনা
60,442,তালম
60,442,বারুহাস
60,442,মাগুড়াবিনোদ
60,442,নওগাঁ
60,442,তাড়াশ সদর
60,442,মাধাইনগর
60,442,দেশীগ্রাম
60,443,উল্লাপাড়া সদর
60,443,পূর্ণিমাগাতী
60,443,উধুনিয়া
60,443,বড়পাঙ্গাসী
60,443,হাটিকুমরুল
60,443,পঞ্চক্রোশী
60,443,সলপ
60,443,কয়রা
60,443,মোহনপুর
60,443,দুর্গানগর
60,443,বড়হর
60,443,সলংগা
60,443,রামকৃষ্ণপুর
60,443,বাঙ্গালা
61,444,বড়লেখা
61,444,বর্ণি
61,444,দক্ষিণ শাহবাজপুর
61,444,দক্ষিণভাগ দক্ষিণ
61,444,দাসের বাজার
61,444,নিজ বাহাদুরপুর
61,444,সুজানগর
61,444,দক্ষিণভাগ উত্তর
61,444,উত্তর শাহবাজপুর
61,444,তালিমপুর
61,445,বরমচাল
61,445,ভূকশিমইল
61,445,জয়চণ্ডী
61,445,ব্রাহ্মণবাজার
61,445,কাদিপুর
61,445,কুলাউড়া
61,445,রাউৎগাঁও
61,445,টিলাগাঁও
61,445,শরীফপুর
61,445,পৃথিমপাশা
61,445,কর্মধা
61,445,ভাটেরা
61,445,হাজীপুর
61,446,ফতেপুর
61,446,উত্তরভাগ
61,446,মুন্সিবাজার
61,446,পাঁচগাঁও
61,446,রাজনগর
61,446,টেংরা
61,446,কামারচাক
61,446,মনসুরনগর
61,447,রহিমপুর
61,447,পতনঊষার
61,447,মুন্সিবাজার
61,447,শমসেরনগর
61,447,কমলগঞ্জ
61,447,আলীনগর
61,447,আদমপুর
61,447,মাধবপুর
61,447,ইসলামপুর
61,448,মির্জাপুর
61,448,ভূনবীর
61,448,শ্রীমঙ্গল
61,448,সিন্দুরখান
61,448,কালাপুর
61,448,আশিদ্রোন
61,448,রাজঘাট
61,448,কালীঘাট
61,448,সাতগাঁও
61,449,খলিলপুর
61,449,মনুমুখ
61,449,কামালপুর
61,449,আপার কাগাবলা
61,449,আখাইলকুড়া
61,449,একাটুনা
61,449,চাঁদনীঘাট
61,449,কনকপুর
61,449,আমতৈল
61,449,নাজিরাবাদ
61,449,মোস্তফাপুর
61,449,গিয়াসনগর
61,450,জায়ফরনগর
61,450,পশ্চিম জুড়ী
61,450,পূর্ব জুড়ী
61,450,গোয়ালবাড়ি
61,450,সাগরনাল
61,450,ফুলতলা
62,451,কুশিয়ারা বাজার
62,451,বোয়ালজুড়
62,451,দেওয়ানবাজার
62,451,আজিজপুর
62,451,বালাগঞ্জ
62,451,ওসমানীগঞ্জ
62,452,আলীনগর
62,452,কুড়ারবাজার
62,452,চরখাই
62,452,দুবাগ
62,452,মাথিউরা
62,452,তিলপাড়া
62,452,মুড়িয়া
62,452,মোল্লাপুর
62,452,লাউতা
62,452,শেওলা
62,453,লামাকাজী
62,453,খাজাঞ্চী
62,453,অলংকারী
62,453,রামপাশা
62,453,দৌলতপুর
62,453,বিশ্বনাথ
62,453,দেওকলস
62,453,দশঘর
62,119,ইসলামপুর
62,119,কলাবাড়ী
62,119,তেলিখাল
62,119,ইছাকলস
62,119,রনিখাই
62,119,গৌরীনগর
62,454,ফেঞ্চুগঞ্জ
62,454,মাইজগাঁও
62,454,ঘিলাছড়া
62,454,কুশিয়ারা
62,454,মানিককোনা
62,455,বাঘা
62,455,গোলাপগঞ্জ
62,455,ফুলবাড়ী
62,455,লক্ষ্মীপাশা
62,455,ঢাকাদক্ষিণ
62,455,লক্ষণাবন্দ
62,455,ভাদেশ্বর
62,455,আমুড়া
62,455,বাদেপাশা
62,455,শরীফগঞ্জ
62,456,রুস্তমপুর
62,456,পশ্চিম জাফলং
62,456,পূর্ব জাফলং
62,456,লেঙ্গুড়া
62,456,পূর্ব আলীরগাঁও
62,456,ফতেপুর
62,456,গোয়াইনঘাট
62,456,নন্দিরগাঁও
62,456,তোয়াকুল
62,456,ডৌবাড়ী
62,457,নিজপাট
62,457,জৈন্তাপুর
62,457,চারিকাটা
62,457,দরবস্ত
62,457,ফতেহপুর
62,457,চিকনাগুল
62,458,লক্ষ্মীপ্রাসাদ পূর্ব
62,458,লক্ষ্মীপ্রাসাদ পশ্চিম
62,458,দীঘিরপাড় পূর্ব
62,458,সাতবাঁক
62,458,বড়চতুল
62,458,কানাইঘাট
62,458,দক্ষিণ বাণীগ্রাম
62,458,ঝিঙ্গাবাড়ী
62,458,রাজাগঞ্জ
62,459,কান্দিগাঁও
62,459,খাদিমনগর
62,459,খাদিমপাড়া
62,459,জালালাবাদ
62,459,টুকের বাজার
62,459,মোগলগাঁও
62,459,হাটখোলা
62,460,বারহাল
62,460,বীরশ্রী
62,460,কাজলসার
62,460,খলাছড়া
62,460,জকিগঞ্জ
62,460,সুলতানপুর
62,460,বারঠাকুরী
62,460,কসকনকপুর
62,460,মানিকপুর
62,461,মোল্লারগাঁও
62,461,কামালবাজার
62,461,তেতলী
62,461,সিলাম
62,461,লালাবাজার
62,461,জালালপুর
62,461,মোগলাবাজার দাউদপুর
62,462,উমরপুর
62,462,তাজপুর
62,462,পশ্চিম পৈলনপুর
62,462,বুরুঙ্গাবাজার
62,462,গোয়ালাবাজার
62,462,সাদীপুর
62,462,উসমানপুর
62,462,দয়ামীর
63,463,ছাতক সদর
63,463,নোয়ারাই
63,463,ইসলামপুর
63,463,কালারুকা
63,463,খুরমা উত্তর
63,463,খুরমা দক্ষিণ
63,463,জাউয়াবাজার
63,463,চরমহল্লা
63,463,ভাতগাঁও
63,463,সিংচাপইড়
63,463,গোবিন্দগঞ্জ সৈদেরগাঁও
63,463,দোলারবাজার
63,463,ছৈলা আফজালাবাদ
63,464,কলকলিয়া
63,464,পাটলী
63,464,মীরপুর
63,464,জগন্নাথপুর
63,464,চিলাউড়া হলদিপুর
63,464,রাণীগঞ্জ
63,464,সৈয়দপুর শাহারপাড়া
63,464,আশারকান্দি
63,464,পাইলগাঁও
63,465,বেহেলী
63,465,জামালগঞ্জ
63,465,ফেনারবাঁক
63,465,সাচনা বাজার
63,465,ভীমখালী
63,465,জামালগঞ্জ উত্তর
63,466,বাদাঘাট
63,466,তাহিরপুর
63,466,বালিজুরি
63,466,শ্রীপুর উত্তর
63,466,শ্রীপুর দক্ষিণ
63,466,বড়দল দক্ষিণ
63,466,বড়দল উত্তর
63,467,শিমুলবাক
63,467,পশ্চিম পাগলা
63,467,পূর্ব পাগলা
63,467,জয়কলস
63,467,পাথারিয়া
63,467,দরগাপাশা
63,467,পূর্ব বীরগাঁও
63,467,পশ্চিম বীরগাঁও
63,468,রফিনগর
63,468,ভাটিপাড়া
63,468,রাজানগর
63,468,দিরাই
63,468,চরনারচর
63,468,দিরাই সরমঙ্গল
63,468,করিমপুর
63,468,জগদল
63,468,তাড়ল
63,468,কুলঞ্জ
63,469,বাংলাবাজার
63,469,দোয়ারাবাজার
63,469,নরসিংহপুর
63,469,মান্নারগাঁও
63,469,পাণ্ডারগাঁও
63,469,দোহালিয়া
63,469,লক্ষ্মীপুর
63,469,বোগলাবাজার
63,469,সুরমা
63,470,পাইকুরাটি
63,470,সেলবরষ
63,470,ধর্মপাশা
63,470,জয়শ্রী
63,470,সুখাইড় রাজাপুর উত্তর
63,470,সুখাইড় রাজাপুর দক্ষিণ
63,471,সলুকাবাদ
63,471,ধনপুর
63,471,পলাশ
63,471,ফতেপুর
63,471,বাদাঘাট দক্ষিণ
63,472,আটগাঁও
63,472,হবিবপুর
63,472,বাহাড়া
63,472,শাল্লা
63,473,লক্ষণশ্রী
63,473,মোহনপুর
63,473,কাঠইর
63,473,গৌরারং
63,473,সুরমা
63,473,জাহাঙ্গীরনগর
63,473,রংগারচর
63,473,কুরবাননগর
63,473,মোল্লাপাড়া
63,474,বংশীকুণ্ডা উত্তর
63,474,বংশীকুণ্ডা দক্ষিণ
63,474,চামরদানী
63,474,মধ্যনগর
64,475,আজমিরীগঞ্জ সদর
64,475,বদলপুর
64,475,জলসুখা
64,475,শিবপাশা
64,475,কাকাইলছেও
64,476,গাজীপুর
64,476,আহম্মদাবাদ
64,476,দেওরগাছ
64,476,পাইকপাড়া
64,476,শানখলা
64,476,চুনারুঘাট
64,476,উবাহাটা
64,476,সাটিয়াজুরী
64,476,রাণীগাঁও
64,476,মিরাশী
64,477,বড়ভাকৈর পশ্চিম
64,477,বড়ভাকৈর পূর্ব
64,477,ইনাতগঞ্জ
64,477,দীঘলবাক
64,477,আউশকান্দি
64,477,কুর্শি
64,477,করগাঁও
64,477,নবীগঞ্জ সদর
64,477,বাউসা
64,477,দেবপাড়া
64,477,গজনাইপুর
64,477,কালিয়ারভাঙ্গা
64,477,পানিউমদা
64,478,বানিয়াচং উত্তর পূর্ব
64,478,বানিয়াচং উত্তর পশ্চিম
64,478,বানিয়াচং দক্ষিণ পূর্ব
64,478,বানিয়াচং দক্ষিণ পশ্চিম
64,478,দৌলতপুর
64,478,কাগাপাশা
64,478,বড়ইউড়ি
64,478,খাগাউড়া
64,478,পুকড়া
64,478,সুবিদপুর
64,478,মক্রমপুর
64,478,সুজাতপুর
64,478,মন্দরী
64,478,মুরাদপুর
64,478,পৈলারকান্দি
64,479,স্নানঘাট
64,479,পুটিজুরী
64,479,সাতকাপন
64,479,বাহুবল সদর
64,479,লামাতাশী
64,479,মীরপুর
64,479,ভাদেশ্বর
64,480,আদাঐর
64,480,আন্দিউড়া
64,480,চৌমুহনী
64,480,ছাতিয়াইন
64,480,জগদীশপুর
64,480,ধর্মঘর
64,480,নোয়াপাড়া
64,480,বাঘাসুরা
64,480,বহরা
64,480,শাহজাহানপুর
64,480,বুল্লা
64,481,লাখাই
64,481,মোড়াকরি
64,481,মুড়িয়াউক
64,481,বামৈ
64,481,করাব
64,481,বুল্লা
64,482,নূরপুর
64,482,শায়েস্তাগঞ্জ
64,482,ব্রাহ্মনডোরা
64,483,লুকড়া
64,483,রিচি
64,483,তেঘরিয়া
64,483,পইল
64,483,গোপায়া
64,483,রাজিউরা
64,483,নিজামপুর
64,483,"লস্করপুর,"
